-122.2627248,37.883912,1322,EUCLID AV,2,BERKELEY,,,94708,59-2249-7,49d10233a61c99d4
-122.2718997,37.8902332,2001,LOS ANGELES AVE,,BERKELEY,,,94707,061 258602000,8d385385e62d7858
-122.2671587,37.8715856,2119,ADDISON ST,24,BERKELEY,,,94704,57-2034-5,293090578dc1c7e3
-122.2694859,37.8744187,2030,DELAWARE ST,,BERKELEY,,,94709,57-2050-29-1,ece852a0536f2dd7
-122.265956,37.8882492,1132,ARCH ST,,BERKELEY,,,94708,061 255600500,143f6e3f4d200cae
-122.2528616,37.8633859,2614,ETNA ST,,BERKELEY,,,94704,55-1848-5,952e76c969e068d1
-122.2912785,37.8615919,2426,TENTH ST,,BERKELEY,,,94710,056 193501400,284fbbcd2c363652
-122.2529639,37.8663957,2720,HASTE ST,,BERKELEY,,,94704,055 186701800,4093d0434e39d92e
-122.2610527,37.8995587,69,SUNSET LN,,BERKELEY,,,94708,063 311008700,03adf70034f45e05
-122.2749778,37.8888878,1934,MARIN AV,,BERKELEY,,,94707,61-2573-25,48e9999dba2bf29d
-122.2518125,37.8519291,3154,LEWISTON AVE,,BERKELEY,,,94705,052 156307900,f96b00bc5f2849bc
-122.2628815,37.8567887,2908,DEAKIN ST,B,BERKELEY,,,94705,052 158103000,7c8472e7d66d449e
-122.2814959,37.8827785,1281,MONTEREY AV,,BERKELEY,,,94707,60-2435-36,92ed4d242c77690f
-122.2875674,37.8793114,1340,ORDWAY ST,,BERKELEY,,,94702,60-2416-48-1,a65fdb30e7a9a4a0
-122.2922953,37.864733,2238,TENTH ST,,BERKELEY,,,94710,056 197501503,44877cfb3abcff14
-122.2475743,37.8555845,3006,CLAREMONT AV,1,BERKELEY,,,94705,52-1564-2,d7692a613dfbbfbc
-122.2627174,37.8798826,1570,HAWTHORNE TER,,BERKELEY,,,94708,059 225101001,5aedd4e8cc0c293c
-122.2489709,37.8531906,3131,CLAREMONT AV,,BERKELEY,,,94705,64-4295-3,bc6d5c6ad23aa0bc
-122.2607273,37.862729,2390,PARKER ST,9,BERKELEY,,,94704,55-1833-3-3,39e1d9f2116071f5
-122.2759657,37.8759682,1753,VIRGINIA ST,,BERKELEY,,,94703,58-2162-8,d55695fe4eb96af7
-122.2694284,37.8678249,2020,KITTREDGE ST,206,BERKELEY,,,94704,57-2028-14-2,4b1481d902f84fbd
-122.2800141,37.8653967,2315,SPAULDING AV,,BERKELEY,,,94703,55-1913-32,1ddb778f38bc7aa5
-122.27842,37.8656506,2316,JEFFERSON AVE,,BERKELEY,,,94703,055 191201200,225c4c6b9dfbdc09
-122.2610398,37.8781157,1674,EUCLID AV,,BERKELEY,,,94709,58-2194-3,bd8a1ecd10fbd018
-122.2405497,37.8536709,118,EL CAMINO REAL,,BERKELEY,,,94705,064 424403100,cfc0a595c83850d2
-122.2731526,37.8648199,2405,MCKINLEY AVE,,BERKELEY,,,94703,055 190203300,7a058a1b7842f8e7
-122.2748056,37.8572637,1712,STUART ST,,BERKELEY,,,94703,053 167502700,0928321874863c91
-122.2691384,37.8740899,2037,HEARST AV,1,BERKELEY,,,94709,57-2050-6-2,0e8694b882615b67
-122.2781634,37.8705409,1670,UNIVERSITY AV,,BERKELEY,,,94703,56-2004-29,223f1b2e334efcea
-122.2583063,37.867184,2511,CHANNING WY,,BERKELEY,,,94704,55-1876-22,5221bfdb6ac1c57b
-122.2941193,37.8791127,1347,KAINS AV,,BERKELEY,,,94702,60-2403-18,0c251adde6dde0f5
-122.2488087,37.852682,20,HILLCREST RD,,BERKELEY,,,94705,064 429500700,9ba8bd3bc139ac81
-122.2545709,37.8824025,24,PARNASSUS RD,2,BERKELEY,,,94708,60-2476-34,3ede42a17f194dbe
-122.3065704,37.8794813,1236,SECOND ST,,BERKELEY,,,94710,60-2363-1-6,666b7d27da5d24a2
-122.2834177,37.8966451,608,SAN MIGUEL AVE,,BERKELEY,,,94707,062 289003600,3316e6a92c85f4ff
-122.2483009,37.8557756,2846,WEBSTER ST,,BERKELEY,,,94705,052 156406302,29168d30c02c8538
-122.277898,37.8672011,2227,JEFFERSON AV,,BERKELEY,,,94703,56-2008-30,7eef354f2e3f5626
-122.2762937,37.8670575,2236,ROOSEVELT AV,C,BERKELEY,,,94703,56-2009-15,dc5aca57db8e103e
-122.2689422,37.8896398,2101,LOS ANGELES AVE,,BERKELEY,,,94707,061 258703300,b42640ecebf291cf
-122.2511652,37.8647625,2527,PIEDMONT AV,,BERKELEY,,,94704,55-1851-20,f1a4d3c413d0af70
-122.2790744,37.8969983,1884,THOUSAND OAKS BLVD,,BERKELEY,,,94707,062 289903000,13d34b94a0a6df23
-122.2481992,37.8836207,1445,GRIZZLY PEAK BLVD,,BERKELEY,,,94708,060 249304600,59195b4d865707bf
-122.2547346,37.864645,2525,BENVENUE AV,13,BERKELEY,,,94704,55-1846-28,207d27ab2ce8424f
-122.275553,37.8899484,1922,LOS ANGELES AV,,BERKELEY,,,94707,61-2574-31,fca753f58e8a81bb
-122.2498871,37.8691684,2,PANORAMIC WAY,104,BERKELEY,,,94704,055 185306300,2c7eca733a825672
-122.2732072,37.8658889,2325,MCKINLEY AV,18,BERKELEY,,,94703,55-1901-18,9ee3c902a128a91a
-122.2745228,37.8687459,1815,ALLSTON WAY,,BERKELEY,,,94703,057 201501900,d7909f9fc4af79a8
-122.294779,37.8783754,1411,SAN PABLO AV,,BERKELEY,,,94702,60-2396-18-1,f87183c76e469bac
-122.2685713,37.8708668,2080,ADDISON ST,15,BERKELEY,,,94704,57-2023-1,f5f7b6b6ca4c32a0
-122.2920667,37.8602457,940,DWIGHT WY,,BERKELEY,,,94710,54-1778-16,cbc3d1ac1dfaf604
-122.2533157,37.8637058,2601,COLLEGE AVE,105,BERKELEY,,,94704,055 184803200,03282196908d7673
-122.2914887,37.8709131,1129,HEARST AVE,C,BERKELEY,,,94702,057 208605100,3617f857c9abbf68
-122.2541245,37.8640795,2540,COLLEGE AV,107,BERKELEY,,,94704,55-1846-15-1,38bfdd672748dfd5
-122.2694284,37.8678249,2020,KITTREDGE ST,202,BERKELEY,,,94704,57-2028-14-2,9d176e5b6bdf64e3
-122.2764317,37.8612082,2542,MCGEE AV,,BERKELEY,,,94703,54-1805-6,e26818f5206f1835
-122.2760998,37.8762485,1636,GRANT ST,C,BERKELEY,,,94703,58-2162-6,a16998607c294bd7
-122.2851644,37.8733541,1374,FRANCISCO ST,,BERKELEY,,,94702,058 214200500,0e83bff4f6c62e82
-122.2669273,37.9011895,590,GRIZZLY PEAK BL,,BERKELEY,,,94708,63-2955-5,14b264ecb3b0c20d
-122.2878533,37.8797788,1325,PERALTA AV,,BERKELEY,,,94702,60-2416-68,b24e127f313fbffe
-122.2707209,37.874742,2005,DELAWARE ST,,BERKELEY,,,94709,58-2176-14,5bcaf6fec3c1f760
-122.2724508,37.9022113,460,KENTUCKY AV,,BERKELEY,,,94707,62-2944-10,a3ea01a6c79daf43
-122.2801,37.8886484,1003,SIERRA ST,,BERKELEY,,,94707,061 261703700,1dd7df6f37c31f69
-122.2824713,37.8960405,636,SANTA ROSA AVE,,BERKELEY,,,94707,062 289004300,557a7c721beda8ee
-122.2827961,37.863659,1408,CHANNING WY,,BERKELEY,,,94702,56-1919-2,21b5b50c479ef42c
-122.2779386,37.9003851,556,ARLINGTON AVE,,BERKELEY,,,94707,062 292301900,4ee656e2cf233f89
-122.2551979,37.8546492,3028,HILLEGASS AVE,,BERKELEY,,,94705,052 156001200,40d105ba7bc6eb6f
-122.2681385,37.8671303,2322,SHATTUCK AV,405,BERKELEY,,,94704,55-1894-17-4,25830d53a5897bc4
-122.2666487,37.8799454,1515,OXFORD ST,1A,BERKELEY,,,94709,59-2256-39,0bceea51b2e8f496
-122.286954,37.8785123,1341,ADA ST,,BERKELEY,,,94702,060 242304800,68e2215c8976e6c5
-122.2435595,37.8568152,35,DOMINGO AV,,BERKELEY,,,94705,64-4242-1,ddb926eb0147a932
-122.2773334,37.8772256,1600,EDITH ST,,BERKELEY,,,94703,58-2163-4,972ab7570cb8b977
-122.2924336,37.876628,1475,STANNAGE AVE,,BERKELEY,,,94702,060 239301800,787c53600c31923c
-122.2590652,37.8947354,1014,CRESTON RD,A,BERKELEY,,,94708,63-2968-38,8d6e3c743df229cf
-122.2516647,37.8825817,1468,OLYMPUS AV,1,BERKELEY,,,94708,60-2483-4,fdd94e9b1df66609
-122.2677459,37.8820313,2136,ROSE ST,,BERKELEY,,,94709,59-2258-2,0808d4cce0c73d9c
-122.2879382,37.8757505,1310,CEDAR ST,B,BERKELEY,,,94702,58-2138-14-4,477dfc0f8d7096b0
-122.272415,37.8914616,960,INDIAN ROCK AV,,BERKELEY,,,94707,61-2578-27,b45a7e48737b1e05
-122.2797688,37.8620906,1528,DWIGHT WAY,,BERKELEY,,,94703,054 179702200,78714ddfcddc9846
-122.259501,37.876795,2552,LE CONTE AV,1E,BERKELEY,,,94709,58-2199-17,b5da480014abc990
-122.2688453,37.8885729,1023,SHATTUCK AVE,,BERKELEY,,,94707,061 255805300,81699facb146fbd7
-122.270953,37.8809326,1420,HENRY ST,,BERKELEY,,,94709,59-2265-9,227ef08d00e4020b
-122.2497335,37.8827061,38,SENIOR AV,,BERKELEY,,,94708,60-2489-23,45d98b9cd19e41cf
-122.2621904,37.8622261,2609,ELLSWORTH ST,304,BERKELEY,,,94704,55-1833-17-1,6a225ddeccbde770
-122.2556352,37.8724074,2299,PIEDMONT AV,466,BERKELEY,,,94720,57-2042-4-10,d2c4f5bcb5841b10
-122.3006612,37.8693766,1824,FOURTH ST,,BERKELEY,,,94710,57-2102-5-1,73083cb07a44a94d
-122.2827576,37.8658029,1423,BANCROFT WY,,BERKELEY,,,94702,56-1998-29,28ece6cde4265d55
-122.2945864,37.8608668,2430,SEVENTH ST,,BERKELEY,,,94710,056 194001200,92207fc4d3c32a29
-122.2901864,37.8769283,1233,ROSE ST,,BERKELEY,,,94702,59-2293-11,c7937da951d8187f
-122.2559907,37.8758958,2717,HEARST AVE,,BERKELEY,,,94709,058 220200700,44bd0b548875ae9e
-122.2524566,37.8660905,2729,DWIGHT WY,201,BERKELEY,,,94704,55-1867-8-1,93498057c5e334a4
-122.255251,37.8559318,2960,HILLEGASS AVE,,BERKELEY,,,94705,052 157303600,6ead51cc57dcd149
-122.2715999,37.8825646,1327,MILVIA ST,,BERKELEY,,,94709,060 245301400,e19c8b1eb2cf1f78
-122.2639252,37.8775321,2301,VIRGINIA ST,3,BERKELEY,,,94709,058 218704000,e5043811f9c6fb76
-122.2748518,37.864101,2418,GRANT ST,2,BERKELEY,,,94703,55-1906-35,78b4e8bb5e946042
-122.2875117,37.8682271,2110,BONAR ST,3,BERKELEY,,,94702,56-1989-7,e2bc289807ebd42a
-122.2720163,37.8586787,1826,WARD ST,,BERKELEY,,,94703,54-1726-26,525b6dc56d1d8fa9
-122.2661181,37.8698848,2150,OXFORD ST,35,BERKELEY,,,94704,57-2031-2,2b048ef841fbe830
-122.2643257,37.8568052,2146,RUSSELL ST,3,BERKELEY,,,94705,52-1582-3,77040b7e8e8fea18
-122.276148,37.8656943,2324,ROOSEVELT AVE,,BERKELEY,,,94703,055 190801100,0375d7520a46b078
-122.2728583,37.8487526,3244,ELLIS ST,B,BERKELEY,,,94703,52-1533-5,2ba2c8bcdea9dcf7
-122.259123,37.8872705,1200,KEITH AVE,,BERKELEY,,,94708,063 298805703,57a3ec973a5dc003
-122.2526209,37.8690127,2310,PIEDMONT AV,301,BERKELEY,,,94704,55-1870-1-2,07ce4bc211846d07
-122.284832,37.8693248,1351,ADDISON ST,,BERKELEY,,,94702,56-1995-8,692943da545991cc
-122.2721232,37.8812095,1414,MILVIA ST,,BERKELEY,,,94709,59-2266-6,7c21f648659ffac3
-122.2653736,37.8563312,2915,LORINA ST,,BERKELEY,,,94705,53-1588-19,85344bcff3f287ee
-122.2710245,37.8913314,833,SHATTUCK AV,,BERKELEY,,,94707,61-2584-6,02992362de3c3c14
-122.2717097,37.8646478,1911,HASTE ST,,BERKELEY,,,94704,055 189901200,b6f33d505576b610
-122.2863664,37.8608854,1217,BLAKE ST,,BERKELEY,,,94702,54-1782-10,6d2b2432cca37acc
-122.2686903,37.8801143,2112,VINE ST,,BERKELEY,,,94709,59-2260-2-1,98039df29a90d034
-122.2800251,37.8598989,2635,SACRAMENTO ST,A,BERKELEY,,,94702,54-1801-17,44ab93806f7bc356
-122.2441614,37.8583186,2928,DOMINGO AV,,BERKELEY,,,94705,64-4235-5-1,d93de223be645e13
-122.2918179,37.8594439,2560,NINTH ST,117M,BERKELEY,,,94710,54-1778-2-2,fcfba98d907cb394
-122.2863659,37.8603567,1214,BLAKE ST,,BERKELEY,,,94702,54-1789-19,f692fa2413e78bb0
-122.2844668,37.8611313,1319,BLAKE ST,,BERKELEY,,,94702,054 178301100,b69657897984c0c6
-122.267334,37.8678351,2105,BANCROFT WY,,BERKELEY,,,94704,57-2029-9,cb9c70bc13db313e
-122.2750599,37.856893,2817,MCGEE AVE,,BERKELEY,,,94703,053 167502100,44130abe25b67775
-122.2765558,37.8695737,2112,ROOSEVELT AV,F,BERKELEY,,,94703,56-2010-8,82cf889916f407d0
-122.2757497,37.8512236,1611,WOOLSEY ST,,BERKELEY,,,94703,052 154501500,feb391c38d6b4061
-122.277907,37.8883628,1010,FRESNO AV,,BERKELEY,,,94707,61-2610-7,e216614abe3e4e5f
-122.2786622,37.8480624,1419,ALCATRAZ AV,,BERKELEY,,,94702,52-1519-2-3,8ae33039a4ddd9b5
-122.2789929,37.8722952,1640,HEARST AV,5,BERKELEY,,,94703,57-2069-21,79ee578583149a49
-122.2554194,37.8936118,1042,MIDDLEFIELD RD,,BERKELEY,,,94708,63-3140-66,c6fbab86f3e0fe2f
-122.2717796,37.8544174,1829,ASHBY AV,B,BERKELEY,,,94703,53-1600-19,d24c6add5b7497de
-122.2769979,37.8695157,2111,MCGEE AV,,BERKELEY,,,94703,56-2010-29,ec76cfdab15f5680
-122.2763903,37.8704045,1721,ADDISON ST,,BERKELEY,,,94703,56-2011-10,2da999a69bb88a96
-122.2547,37.8574673,2920,BENVENUE AV,A,BERKELEY,,,94705,52-1569-10,52c23b77a2095972
-122.2587283,37.8764481,1780,LE ROY AVE,,BERKELEY,,,94709,058 219900400,cda095f502c63cce
-122.262913,37.8602324,2231,WARD ST,D,BERKELEY,,,94705,54-1718-37-1,cb9340710d412566
-122.2830234,37.8708421,1424,BERKELEY WY,,BERKELEY,,,94702,57-2072-12,22252427685cd068
-122.2746963,37.8719727,1806,BERKELEY WY,9,BERKELEY,,,94703,57-2060-12,598b55e49a4632f3
-122.2694284,37.8678249,2005,BANCROFT WY,129,BERKELEY,,,94704,57-2028-14-2,7a47667a59e31f97
-122.2498871,37.8691684,2,PANORAMIC WAY,203,BERKELEY,,,94704,055 185306800,fb1026be939fc22a
-122.2692585,37.8669528,2025,DURANT AV,103,BERKELEY,,,94704,55-1894-14-1,eef4046e3cc245d1
-122.2698011,37.893826,850,SANTA BARBARA RD,,BERKELEY,,,94707,061 258101500,6ee096f2768c0f8d
-122.2623569,37.8650783,2315,DWIGHT WY,215,BERKELEY,,,94704,55-1882-8,616ccb6108bbee48
-122.2662415,37.8634683,2121,BLAKE ST,11,BERKELEY,,,94704,55-1823-9-1,0c2a526fc44fa8f7
-122.2872173,37.8593481,1136,PARKER ST,,BERKELEY,,,94702,54-1785-27,559ed474f372f422
-122.2810331,37.8535047,2950,DOHR ST,B,BERKELEY,,,94702,53-1619-27,7b28462d03d8a388
-122.2750595,37.9004037,558,SANTA BARBARA RD,,BERKELEY,,,94707,62-2936-14,200d51d131f26879
-122.2917431,37.8702949,1120,HEARST AV,33,BERKELEY,,,94702,57-2085-19,74aa8b477bb5e0c1
-122.2990782,37.870504,811,DELAWARE ST,C,BERKELEY,,,94710,57-2098-51,59f6e16c5b1f9f5a
-122.2784115,37.8711689,1627,UNIVERSITY AV,202,BERKELEY,,,94703,57-2070-7-5,acb422f5bea9a4a6
-122.2615917,37.8912099,1080,CRAGMONT AV,,BERKELEY,,,94708,63-2987-27-1,e60b8922aeb34645
-122.2753514,37.8690183,2132,GRANT ST,,BERKELEY,,,94703,56-2012-14,1dc162d6c54eacc0
-122.258753,37.8680867,2347,TELEGRAPH AV,,BERKELEY,,,94704,55-1877-11,67867792408f183a
-122.2529579,37.8528705,3126,COLLEGE AV,10,BERKELEY,,,94705,52-1410-26,360f5bb872da514c
-122.2593628,37.855543,3017,TELEGRAPH AV,200,BERKELEY,,,94705,52-1573-72,0314851c857760bf
-122.2507575,37.8661365,2450,WARRING ST,25A,BERKELEY,,,94704,55-1866-7,95ebac1b6312f218
-122.2631916,37.8982307,770,GRIZZLY PEAK BL,,BERKELEY,,,94708,63-2964-11,a49fddbe141ae918
-122.2744185,37.8618848,1742,BLAKE ST,4,BERKELEY,,,94703,54-1808-34,e54ca90701e2cf72
-122.2533581,37.8886661,2919,SHASTA RD,,BERKELEY,,,94708,063 298302903,d72dfe13985e115f
-122.2760906,37.8929452,853,CONTRA COSTA AVE,,BERKELEY,,,94707,061 257606200,27910a26357117e5
-122.2730677,37.8588581,1805,WARD ST,,BERKELEY,,,94703,54-1727-15,f2963a65fb3272f1
-122.2790749,37.8755719,1625,VIRGINIA ST,,BERKELEY,,,94703,58-2156-11,a904ea2842781e62
-122.2763912,37.8786173,1516,GRANT ST,,BERKELEY,,,94703,59-2275-9-1,3.53E+15
-122.2924433,37.8794455,1163,CAMELIA ST,,BERKELEY,,,94702,060 240101700,b42265ac05d64d0a
-122.2403198,37.852384,161,EL CAMINO REAL,,BERKELEY,,,94705,064 425901300,cb77a7b324b495e4
-122.2902082,37.8618145,2424,SAN PABLO AV,,BERKELEY,,,94702,56-1932-8-3,e67cfe7c8ff8f7d7
-122.2801822,37.8718965,1908,CALIFORNIA ST,8,BERKELEY,,,94703,57-2068-2-1,af408d8bc78da7bb
-122.2682505,37.8680197,2270,SHATTUCK AV,B,BERKELEY,,,94704,57-2028-2,2f3a052f348074af
-122.2669813,37.8655992,2100,CHANNING WY,247,BERKELEY,,,94704,55-1891-14-1,e65b998d10d27379
-122.2951339,37.8625796,2328,SEVENTH ST,4,BERKELEY,,,94710,56-1941-9,82182a80e6bba2ba
-122.2833659,37.896257,635,VINCENTE AV,,BERKELEY,,,94707,62-2890-26,0afaa259c465cd5c
-122.288403,37.8596725,1111,PARKER ST,,BERKELEY,,,94702,54-1784-30,7284a955119ae60e
-122.2875144,37.86622,2217,BROWNING ST,,BERKELEY,,,94702,56-1988-29,ed8044ae58c91a9e
-122.2700831,37.887268,1123,SHATTUCK AVE,,BERKELEY,,,94707,061 256103200,f68a9adee5428739
-122.2923939,37.8737706,1129,VIRGINIA ST,,BERKELEY,,,94702,59-2288-28,406af628582f4f76
-122.2657578,37.8902958,1010,CRAGMONT AVE,3,BERKELEY,,,94708,063 297405700,1a05bc10f54d248e
-122.2876518,37.8638309,2334,BROWNING ST,,BERKELEY,,,94702,56-1925-13-1,7e58d02a8f0f5fca
-122.277912,37.8779032,1716,JAYNES ST,,BERKELEY,,,94703,059 227600500,d61dfb064a4c0eb6
-122.2737277,37.8756532,1708,M L KING JR WAY,3,BERKELEY,,,94709,058 216704600,986ca000a5ed5056
-122.2795431,37.8483974,1400,HARMON ST,,BERKELEY,,,94702,52-1519-18,5dcc401d3c262723
-122.2534899,37.8836258,145,DEL MAR AVE,,BERKELEY,,,94708,060 247902000,7b8c3293b58bc583
-122.2734829,37.9020635,424,MICHIGAN AVE,,BERKELEY,,,94707,062 294300900,0fc3e608c41b053c
-122.2551997,37.8546489,3028,HILLEGASS AV,,BERKELEY,,,94705,52-1560-12,7831712b73787a68
-122.2757694,37.8790242,1509,GRANT ST,D,BERKELEY,,,94703,59-2272-31,c6956bc80752c226
-122.2737378,37.86439,2412,MCKINLEY AV,,BERKELEY,,,94703,55-1903-7-1,28123221311616be
-122.2608764,37.8774002,1708,EUCLID AV,9,BERKELEY,,,94709,58-2193-1-2,fee3b57df7f5f873
-122.2372767,37.853068,30,ROBLE RD,,BERKELEY,,,94705,64-4255-14,7a35bfbb998f29d7
-122.2934835,37.8685481,1042,UNIVERSITY AV,,BERKELEY,,,94710,56-1973-6-1,51a99cba15fab64a
-122.2840778,37.8759272,1441,LINCOLN ST,,BERKELEY,,,94702,058 214501101,44737fd8ff383f03
-122.2535796,37.8551447,3023,BENVENUE AVE,,BERKELEY,,,94705,052 156203300,42b1ac917de757b9
-122.2914319,37.8566229,931,PARDEE ST,,BERKELEY,,,94710,54-1746-11,ead9e769f1e34f5f
-122.2819931,37.8674685,2152,SACRAMENTO ST,,BERKELEY,,,94702,056 199702900,c4e7325b5b1dc96d
-122.266313,37.8563179,2911,SHATTUCK AV,,BERKELEY,,,94705,53-1589-22,9dda1eb06a64425d
-122.2712251,37.9006583,77,NORTHAMPTON AV,,BERKELEY,,,94707,62-2939-31,88c36bdf50a625ec
-122.2601418,37.8679507,2421,DURANT AV,3,BERKELEY,,,94704,55-1878-7-1,5a191f392af7793e
-122.295896,37.8708398,932,DELAWARE ST,A,BERKELEY,,,94710,57-2091-2,d9870957f44f0f60
-122.2668351,37.8643109,2101,DWIGHT WY,2070,BERKELEY,,,94704,55-1890-12-1,5572361170378aee
-122.2884957,37.8658859,2223,CURTIS ST,,BERKELEY,,,94702,056 198703100,fd4018f8bdf1a32a
-122.28129,37.8574077,2733,DOHR ST,,BERKELEY,,,94702,054 173700300,2e8d96040c51b8a1
-122.2489352,37.8850637,191,AVENIDA DR,,BERKELEY,,,94708,60-2487-22,b2b170866d3ceffd
-122.2602872,37.877525,1717,EUCLID AV,12,BERKELEY,,,94709,58-2198-11-1,7e5860daaa73a5e9
-122.2747881,37.8687172,2199,GRANT ST,A,BERKELEY,,,94703,57-2015-21,96fc7415387fb301
-122.2784941,37.8641371,1608,CHANNING WY,,BERKELEY,,,94703,55-1911-2,b5114ec2961abb6a
-122.2819135,37.8764979,1510,CEDAR ST,,BERKELEY,,,94703,58-2154-25,838db04b3b7d3460
-122.281729,37.8516803,1337,HASKELL ST,,BERKELEY,,,94702,053 162500900,63994931e2a32bc7
-122.2882374,37.8557002,2810,SAN PABLO AVE,,BERKELEY,,,94702,053 166100502,803bf71f343fad23
-122.2542265,37.8650965,2514,COLLEGE AV,G,BERKELEY,,,94704,55-1846-8,a907e7c989aaf72e
-122.2692796,37.8911602,916,OXFORD ST,,BERKELEY,,,94707,061 258700901,8e1758cae6a4e4f5
-122.2700064,37.8827929,1326,SHATTUCK AVE,3,BERKELEY,,,94709,060 245510800,9b0eba012f4cea72
-122.2616972,37.8534534,3103,DEAKIN ST,,BERKELEY,,,94705,52-1557-10,aa23ca186d6577ab
-122.2684196,37.8626298,2030,BLAKE ST,D,BERKELEY,,,94704,55-1821-29,eb085728fd12cf8e
-122.2433878,37.8561697,51,DOMINGO AVE,,BERKELEY,,,94705,064 424202900,67a2e3a1c34d205b
-122.2717308,37.8704584,1950,ADDISON ST,109,BERKELEY,,,94704,57-2022-19,e5a8563b0866a731
-122.2512848,37.8610051,2734,PIEDMONT AVE,,BERKELEY,,,94705,054 170700400,bd867b02788537f9
-122.2645356,37.8667981,2226,DURANT AV,209,BERKELEY,,,94704,55-1887-21,24203d2295836350
-122.2746312,37.881565,1837,ROSE ST,,BERKELEY,,,94703,60-2447-18,14bbe0a98419eb60
-122.2692809,37.8825551,1381,SHATTUCK AV,,BERKELEY,,,94709,60-2455-49,d46c35ce4a6da740
-122.2706999,37.8839759,1243,HENRY ST,,BERKELEY,,,94709,60-2455-16,b0341d7b17f634b0
-122.2776334,37.8559794,1590,OREGON ST,3,BERKELEY,,,94703,53-1672-1-3,5310b326bc7da838
-122.2638544,37.867364,2241,DURANT AV,10,BERKELEY,,,94704,55-1886-4,8919c37d192606e9
-122.2823402,37.8489723,1267,65TH ST,,BERKELEY,,,94702,52-1452-5,08439d152a377f6a
-122.2910512,37.8803556,1333,SANTA FE AV,1,BERKELEY,,,94702,60-2392-77-1,818790a0a8533485
-122.2695198,37.8759164,2041,FRANCISCO ST,,BERKELEY,,,94709,058 217500800,e2c6eca0f676c3a7
-122.2943939,37.8670595,968,ADDISON ST,,BERKELEY,,,94710,056 197100501,4e777eeadbd0e9c1
-122.2615108,37.8782881,2466,HILGARD AV,301,BERKELEY,,,94709,58-2194-23,d43a31090ac25bfe
-122.277136,37.8752781,1718,VIRGINIA ST,,BERKELEY,,,94703,58-2160-24,0ca994bd1af73c74
-122.2715731,37.8948293,794,SAN LUIS RD,,BERKELEY,,,94707,061 258001200,fdb596d485f66073
-122.2601283,37.863587,2531,DANA ST,D,BERKELEY,,,94704,55-1837-23-1,1f7a5226ce018fb9
-122.2590969,37.8664687,2414,TELEGRAPH AV,212,BERKELEY,,,94704,55-1880-22-1,f8670a3ed03cfbaf
-122.2682667,37.8825462,1335,WALNUT ST,,BERKELEY,,,94709,60-2466-89,cc6be0b90e663775
-122.2673753,37.8541919,2048,EMERSON ST,,BERKELEY,,,94703,053 159302200,92245039f39ba0c4
-122.2434029,37.8547919,72,THE PLAZA DR,,BERKELEY,,,94705,64-4245-6-1,43aac4baf20ef948
-122.2617396,37.8653441,2330,HASTE ST,302,BERKELEY,,,94704,55-1882-19-1,4f159b60095d707f
-122.2856662,37.8508204,0,HASKELL ST,,BERKELEY,,,94703,053 162602500,f22962640d84f60b
-122.2610995,37.8779348,2479,VIRGINIA ST,B,BERKELEY,,,94709,58-2194-5,cde1b40ad0b22bb2
-122.2649863,37.8653539,2207,HASTE ST,,BERKELEY,,,94704,55-1888-18,f2212fc4970e02ad
-122.2672053,37.8894484,1062,SPRUCE ST,,BERKELEY,,,94707,061 258802300,355100d7456f93c3
-122.2795315,37.8890745,1741,MADERA ST,,BERKELEY,,,94707,061 261500500,39e461beb782dde9
-122.2644062,37.8664542,2225,CHANNING WY,308,BERKELEY,,,94704,55-1887-7,3b799442197e76b3
-122.2871791,37.8816004,1223,PERALTA AV,,BERKELEY,,,94706,60-2416-25,5b6e116cc0605142
-122.2789925,37.8834886,1715,HOPKINS ST,,BERKELEY,,,94707,060 243702500,f7dd4db19703307d
-122.2884473,37.8707428,1906,CHESTNUT ST,,BERKELEY,,,94702,057 208300900,6638fa88a768d115
-122.2535064,37.8946369,43,THE CRESCENT,,BERKELEY,,,94708,063 314001700,6c147aa83c810230
-122.2806254,37.8808638,1328,MCGEE AV,,BERKELEY,,,94703,60-2433-5,7f8b4911380baf7c
-122.2626826,37.8809071,2390,VINE ST,,BERKELEY,,,94708,059 225100400,fb5d4ff3e26e68f6
-122.2490161,37.869538,11,MOSSWOOD RD,,BERKELEY,,,94704,55-1862-7,ffda2c72d77f13ac
-122.2584622,37.8824132,1420,LA LOMA AV,,BERKELEY,,,94708,58-2243-2,615f9c4db5b135e6
-122.2575806,37.8904309,71,TWAIN AV,,BERKELEY,,,94708,63-2980-4-2,6eb981f1b050eaa7
-122.2913441,37.8811809,1252,GILMAN ST,,BERKELEY,,,94706,60-2400-25,d3717ef044e112b7
-122.2566451,37.8568736,2933,REGENT ST,,BERKELEY,,,94705,52-1570-19,4521d259928908c0
-122.2646172,37.8769302,1730,ARCH ST,B,BERKELEY,,,94709,58-2182-9,7c74724477c95311
-122.2701265,37.8748733,2019,DELAWARE ST,4,BERKELEY,,,94709,58-2176-10,6bc9175dd4887067
-122.2799921,37.8780778,1613,JAYNES ST,,BERKELEY,,,94703,059 227902000,56702fcd5dce3ceb
-122.2679701,37.875555,1760,WALNUT ST,105,BERKELEY,,,94709,58-2177-9,75a606d018c83c6d
-122.2821871,37.8832796,1260,MONTEREY AVE,,BERKELEY,,,94707,060 242901400,5c2081f0812facab
-122.2849626,37.8811473,1353,ACTON ST,,BERKELEY,,,94706,060 242802800,32d008bb56c7686d
-122.294436,37.8784003,1412,KAINS AVE,A,BERKELEY,,,94702,060 239600500,75fbe8514d214b02
-122.2672519,37.8849594,1229,OXFORD ST,,BERKELEY,,,94709,060 246603800,4f3fa5dbb5811294
-122.264094,37.8867316,1191,GLEN AV,,BERKELEY,,,94708,61-2553-13,f8d1eae48b93d787
-122.2535807,37.8588471,2828,COLLEGE AV,2,BERKELEY,,,94705,53-1695-10,3b46174fb6a7319d
-122.2601425,37.863347,2543,DANA ST,,BERKELEY,,,94704,55-1837-21,62d877df860a5030
-122.2484552,37.8564954,2960,PINE AVE,,BERKELEY,,,94705,052 156512000,96e97f3934b8f5cd
-122.25681,37.8646077,2520,HILLEGASS AV,307,BERKELEY,,,94704,55-1842-8-1,e39a782cffba49f7
-122.2819974,37.8985643,84,MENLO PL,,BERKELEY,,,94707,062 289500400,8998bd4132a2200b
-122.2604026,37.8679181,2419,DURANT AV,20,BERKELEY,,,94704,55-1878-10,b6a9b8411788125d
-122.2532343,37.8619687,2704,DERBY ST,35,BERKELEY,,,94705,54-1708-17,751e9d6bba001cf3
-122.2792246,37.8983589,1850,SAN RAMON AVE,,BERKELEY,,,94707,062 291101000,c0895644c387e5b1
-122.2711959,37.8893586,2030,DEL NORTE ST,,BERKELEY,,,94707,061 256302300,01c649c6c7709217
-122.2575086,37.8682836,2533,DURANT AV,3,BERKELEY,,,94704,55-1877-6,d0699c59be2e4afc
-122.293631,37.8814899,1246,CORNELL AV,,BERKELEY,,,94706,60-2407-16,6afcd6086c79824b
-122.2643335,37.8793808,1583,ARCH ST,A,BERKELEY,,,94708,059 225203500,9d0924c26c81ef9b
-122.2740061,37.892424,889,ARLINGTON AVE,,BERKELEY,,,94707,061 257804000,f4efdb8aa78c3911
-122.2618244,37.8996767,671,WOODMONT AVE,,BERKELEY,,,94708,063 311007700,bb47ecb0cc673778
-122.2992764,37.8633832,705,BANCROFT WY,,BERKELEY,,,94710,56-1957-7-1,bb82737db769f41e
-122.2934341,37.8825121,1207,CORNELL AVE,,BERKELEY,,,94706,060 240803200,a48e88b1bf5c0c84
-122.2694284,37.8678249,2005,BANCROFT WY,427,BERKELEY,,,94704,57-2028-14-2,76b0c0d1094f9ae0
-122.2619875,37.896567,2620,MARIN AV,,BERKELEY,,,94708,63-2964-26,7c97dd9c66f0d6a2
-122.2611858,37.8534715,2314,PRINCE ST,B,BERKELEY,,,94705,52-1557-14,95571ba37e9f15d9
-122.2572445,37.8766995,1770,LA LOMA AV,24,BERKELEY,,,94709,58-2205-6,4c1763dbd2db6ed3
-122.249269,37.8540511,2842,WOOLSEY ST,2,BERKELEY,,,94705,052 156321200,51ffbe65e843c2a8
-122.2546603,37.8633,2603,BENVENUE AV,3,BERKELEY,,,94704,55-1845-54,0c0a88bc7a5a2b3c
-122.2781503,37.8531232,1524,ASHBY AV,C,BERKELEY,,,94703,53-1612-23,b21bf872ee60e77a
-122.2831975,37.8674947,1415,ALLSTON WY,,BERKELEY,,,94702,56-1997-37,cc6b4c2c2d60b2d0
-122.2553654,37.8592283,2821,HILLEGASS AV,12,BERKELEY,,,94705,53-1694-22,bb5496bec2c85a88
-122.2545328,37.8896535,1187,STERLING AV,,BERKELEY,,,94708,63-2983-38,9181b64f3edde499
-122.2911101,37.877811,1441,CURTIS ST,,BERKELEY,,,94702,60-2391-43,fe2623b999276546
-122.2590064,37.8643175,2550,TELEGRAPH AV,220,BERKELEY,,,94704,55-1838-2-1,94291a1198899ecb
-122.2657869,37.8753343,1786,SPRUCE ST,104,BERKELEY,,,94709,58-2181-12,b107add6b34fa410
-122.2616027,37.8617032,2316,CARLETON ST,,BERKELEY,,,94704,055 183402800,160960a5a20ae4f5
-122.2609337,37.8779562,1696,EUCLID AV,,BERKELEY,,,94709,58-2194-4,c67ad95c9bc2a7c1
-122.2891245,37.8644849,1130,BANCROFT WY,G,BERKELEY,,,94702,56-1926-28,bebd6a68fe17cf34
-122.2554751,37.8904179,0,STERLING AVE,,BERKELEY,,,94708,063 298305100,0a2b645d3f1d7e27
-122.2735405,37.8609179,2609,GRANT ST,A,BERKELEY,,,94703,54-1812-17,db246f18db2c67df
-122.2880226,37.8753733,1311,LINCOLN ST,,BERKELEY,,,94702,58-2138-6,797f3c0cc65bc25f
-122.2975857,37.868855,1917,SIXTH ST,3,BERKELEY,,,94710,57-2096-14-2,a1883cd182f8e6a7
-122.2593348,37.8647375,2428,DWIGHT WAY,,BERKELEY,,,94704,055 183801800,156e1b9f7c64c73f
-122.2917307,37.8796861,1345,TALBOT AV,,BERKELEY,,,94702,60-2400-15,ff59ceb4e418bac1
-122.279585,37.8764287,1617,LINCOLN ST,,BERKELEY,,,94703,58-2155-13,075f73b58c181bde
-122.2836611,37.8535243,2913,MABEL ST,,BERKELEY,,,94702,53-1623-26,29ad43f8c3294a69
-122.2391821,37.8544206,285,THE UPLANDS,,BERKELEY,,,94705,064 423201600,523e9d6139ced06b
-122.2734325,37.8785718,1533,MARTIN LUTHER KING JR WY,8,BERKELEY,,,94709,59-2268-26,aaee205d852a5aee
-122.2648793,37.879134,2287,CEDAR ST,,BERKELEY,,,94709,59-2255-29,c3247df86cabde0c
-122.2883098,37.8591832,1110,PARKER ST,,BERKELEY,,,94702,54-1785-19,86d94bdb332b1ea3
-122.2693346,37.8652799,2012,CHANNING WY,C,BERKELEY,,,94704,55-1896-21,3d959665b2ca09f8
-122.2692694,37.8492827,1893,ALCATRAZ AVE,,BERKELEY,,,94703,052 152800700,1b3529d9fc2e0d0c
-122.2692535,37.8759134,2043,FRANCISCO ST,,BERKELEY,,,94709,058 217500700,7cc4a16ff6a65511
-122.2814196,37.8520016,3028,ACTON ST,,BERKELEY,,,94702,053 162500300,5039536250efa5a6
-122.2671713,37.8683187,2124,KITTREDGE ST,732,BERKELEY,,,94704,57-2029-14,b5cafb56c4510bb2
-122.2683349,37.9017134,555,CRAGMONT AV,,BERKELEY,,,94708,63-2953-31,b89c08f75ee5c3f5
-122.2881727,37.882193,1206,TEVLIN ST,,BERKELEY,,,94706,060 241500204,e0e475e135369a72
-122.2756746,37.8699525,1738,ADDISON ST,,BERKELEY,,,94703,056 201200400,399b3132df2a850b
-122.2832132,37.8699726,1432,UNIVERSITY AV,201,BERKELEY,,,94702,56-1996-20-3,a4fcaf0f01788952
-122.2661181,37.8698848,2150,OXFORD ST,1,BERKELEY,,,94704,57-2031-2,bdb637a2c1238b0a
-122.2648643,37.8585266,2146,STUART ST,,BERKELEY,,,94705,053 168503600,f348fc4707bfcf74
-122.2655344,37.903884,3,ROCHDALE WAY,,BERKELEY,,,94708,063 310006302,f1a39c6f81c32a28
-122.2543348,37.861183,2715,BENVENUE AV,3,BERKELEY,,,94705,54-1709-26,22c9ef9c3650cca4
-122.2906933,37.8597368,2530,TENTH ST,2,BERKELEY,,,94710,54-1779-17,907ca62e250d4311
-122.2956599,37.8641972,2226,SEVENTH ST,C,BERKELEY,,,94710,56-1964-11-2,21c873f751239319
-122.2752692,37.8737973,1801,GRANT ST,,BERKELEY,,,94703,57-2064-23,199acbe7ef8729be
-122.2549555,37.8689971,2680,BANCROFT WAY,,BERKELEY,,,94704,055 187100103,cc1f7e2ac14d95e5
-122.2661564,37.8751696,1793,OXFORD ST,1,BERKELEY,,,94709,58-2181-24,8fa4c6caf558ba42
-122.2679511,37.9018676,572,EUCLID AVE,,BERKELEY,,,94708,063 295301400,fece94af719615ce
-122.2872343,37.8618336,2438,BROWNING ST,,BERKELEY,,,94702,056 193001700,68bc893935de1079
-122.2725097,37.8897148,1998,MARIN AVE,,BERKELEY,,,94707,061 257100100,d72a633c8538c3d2
-122.2923268,37.8724441,1114,FRANCISCO ST,,BERKELEY,,,94702,58-2130-4,ca00ac6edd09b12d
-122.3006052,37.8704368,723,DELAWARE ST,,BERKELEY,,,94710,057 211500800,b58d95fa092c2eda
-122.2687468,37.8569229,2870,ADELINE ST,416,BERKELEY,,,94703,53-1682-1,179256fa4b4976d2
-122.2819153,37.8618205,1460,DWIGHT WY,,BERKELEY,,,94702,54-1796-30,8cccab864ed4304f
-122.2686961,37.8616752,2018,PARKER ST,,BERKELEY,,,94704,055 182002000,322cd4f9342cc8ec
-122.2671227,37.8780629,1634,OXFORD ST,205,BERKELEY,,,94709,58-2179-6,b2885e935def6e90
-122.2693275,37.8557545,2918,ADELINE ST,E,BERKELEY,,,94703,53-1598-9,7d0022f5bd66fbb5
-122.2468988,37.8525032,98,HILLCREST RD,,BERKELEY,,,94705,064 424901400,7990dd4705cc03ac
-122.2956168,37.8640638,2238,SEVENTH ST,C,BERKELEY,,,94710,56-1964-12,4574cda6d7913c2a
-122.2780531,37.8683609,1629,ALLSTON WAY,,BERKELEY,,,94703,056 200601800,80f09816ea614ee5
-122.2881409,37.8731009,1729,CHESTNUT ST,,BERKELEY,,,94702,058 213500100,c8f9a9a420a9541e
-122.2717308,37.8704584,1950,ADDISON ST,200,BERKELEY,,,94704,57-2022-19,cfafa3ec8e0b98bd
-122.2987399,37.8802872,933,GILMAN ST,,BERKELEY,,,94710,060 235600804,1ed67069d7d569f0
-122.2474372,37.8698929,100,ARDEN RD,,BERKELEY,,,94704,055 186203105,3f7cfc68969feaee
-122.2817807,37.8535841,2924,ACTON ST,,BERKELEY,,,94702,53-1623-2,571203c54f4591b7
-122.2651642,37.8603066,2136,DERBY ST,,BERKELEY,,,94705,54-1719-12,521a143f2c74a8d6
-122.2479765,37.883389,1476,SUMMIT RD,,BERKELEY,,,94708,060 249303600,18e0d0a4219b0a3e
-122.2719123,37.8941852,0,SAN DIEGO RD,,BERKELEY,,,94707,061 257900301,456d0bb63c319a61
-122.2867945,37.8635176,1231,CHANNING WY,,BERKELEY,,,94702,56-1924-22-1,30e77d8b207f780d
-122.2879034,37.8592555,1120,PARKER ST,,BERKELEY,,,94702,054 178502200,bc7338281df5821b
-122.3005343,37.878911,832,GILMAN ST,,BERKELEY,,,94710,59-2349-2,13ba0021a260c8f8
-122.2949391,37.8748256,1603,TENTH ST,,BERKELEY,,,94710,58-2128-30,8695a23899771233
-122.2762716,37.8708008,1744,UNIVERSITY AV,,BERKELEY,,,94703,56-2011-25-1,b1eebcb18894c79a
-122.2582353,37.8915533,1079,STERLING AV,,BERKELEY,,,94708,63-2978-53,47c1c2284bb3f661
-122.2639172,37.8646868,2229,DWIGHT WY,I,BERKELEY,,,94704,55-1889-9-1,bec19c8ddf8e45b0
-122.3011449,37.8721328,1645,FOURTH ST,,BERKELEY,,,94710,57-2116-15,ab2cc32814e395d2
-122.2814339,37.8614646,1495,BLAKE ST,,BERKELEY,,,94702,54-1796-7,72b427da3728bf4f
-122.2693699,37.8621445,2003,PARKER ST,,BERKELEY,,,94704,55-1821-40,14c22331e4f3ac83
-122.2607877,37.8957969,944,GRIZZLY PEAK BL,,BERKELEY,,,94708,63-2969-4-1,9456f3c84ca87d1b
-122.2500201,37.8670024,2430,PROSPECT ST,308,BERKELEY,,,94704,55-1865-7,b378ba07c21405ac
-122.2940222,37.882692,1200,CORNELL AV,,BERKELEY,,,94706,60-2407-4,39d1c35417d89daf
-122.2423593,37.8535811,134,PARKSIDE DR,,BERKELEY,,,94705,64-4244-6,65b7a749ca0055a0
-122.2658864,37.8589351,2121,STUART ST,,BERKELEY,,,94705,054 172001500,a73842a047a1b70f
-122.2528306,37.8514781,3170,COLLEGE AV,,BERKELEY,,,94705,52-1410-16-1,855c56363b70da03
-122.2723374,37.9036948,411,KENTUCKY AVE,,BERKELEY,,,94707,062 294504000,b3ca8149044f119f
-122.2837063,37.892618,1675,CAPISTRANO AVE,,BERKELEY,,,94707,062 287300400,f940d9956833e4a2
-122.278905,37.8741236,1626,FRANCISCO ST,1A,BERKELEY,,,94703,58-2158-32-1,a3fbb586fb9bb045
-122.2766109,37.8603381,1635,CARLETON ST,,BERKELEY,,,94703,54-1804-8,db850d57144955d9
-122.26438,37.8631683,2212,BLAKE ST,204,BERKELEY,,,94704,55-1829-19,0de2c798e06c16bd
-122.2894478,37.865428,2231,BYRON ST,A,BERKELEY,,,94702,56-1984-24,39cb04ea1cbff466
-122.2718947,37.8711798,1919,ADDISON ST,301,BERKELEY,,,94704,57-2024-18-1,f20fec427869ac41
-122.283491,37.8662597,2223,ACTON ST,B,BERKELEY,,,94702,56-1998-45,b0a75aa31a1b6bff
-122.280491,37.8631075,2424,SPAULDING AV,5,BERKELEY,,,94703,55-1914-11-3,8a22e1ec38b2b0ca
-122.2663964,37.8826994,1334,SPRUCE ST,,BERKELEY,,,94709,60-2466-55,b56ed77a73257d2f
-122.2441391,37.8572558,30,DOMINGO AVE,2,BERKELEY,,,94705,064 423601100,105217e3e373ea64
-122.2677043,37.8553879,2043,ASHBY AVE,,BERKELEY,,,94703,053 159101200,d2be0b82127b5538
-122.244174,37.85698,36,DOMINGO AV,,BERKELEY,,,94705,64-4236-9,f5597648e4262a61
-122.2683676,37.8741951,1849,SHATTUCK AVE,305,BERKELEY,,,94709,057 204902600,f398fbe5dad502f6
-122.2790592,37.8892901,1760,MARIN AVE,,BERKELEY,,,94707,061 261500100,4b43d39dc2446d32
-122.266118,37.8963831,786,EUCLID AVE,,BERKELEY,,,94708,063 296101000,fa466b544d0e0c83
-122.280012,37.8563569,2832,SACRAMENTO ST,,BERKELEY,,,94702,53-1670-4,fc446556f2b0f273
-122.2920667,37.8602457,2512,NINTH ST,12,BERKELEY,,,94710,54-1778-16,f932600e65b45ed6
-122.2985546,37.8795966,950,GILMAN ST,210,BERKELEY,,,94710,60-2351-1-6,fbeca0067bda3edc
-122.2532537,37.8565137,2980,COLLEGE AV,8,BERKELEY,,,94705,52-1573-104,e98df9c828fc9f98
-122.2584783,37.8796101,2630,CEDAR ST,,BERKELEY,,,94708,58-2210-1,dcd397922a2a4e22
-122.2817723,37.8649538,2322,SACRAMENTO ST,,BERKELEY,,,94702,56-1915-12,533ba0d7c1323106
-122.2461464,37.8577629,2946,ASHBY AVE,,BERKELEY,,,94705,052 156505800,eb6f625e14e58fa7
-122.2594796,37.8647178,2424,DWIGHT WY,9,BERKELEY,,,94704,55-1838-17,26788cabf891ee7e
-122.2747353,37.8728483,1814,HEARST AV,C,BERKELEY,,,94703,57-2063-25,d77e29f8d4c7d706
-122.2721599,37.8815266,1950,ROSE ST,,BERKELEY,,,94709,059 226600300,4d921e04d77a8ce2
-122.2724273,37.9001518,47,NORTHAMPTON AVE,,BERKELEY,,,94707,062 293903801,3d4109618fca32ee
-122.2677478,37.879096,1533,WALNUT ST,,BERKELEY,,,94709,59-2259-19,893969a26ce2e3b3
-122.2688184,37.9033933,479,GRIZZLY PEAK BL,,BERKELEY,,,94708,63-3100-47,921dd92d031fc0b3
-122.2913016,37.8616581,2424,TENTH ST,,BERKELEY,,,94710,056 193501300,01031c9ef15c16bd
-122.2708886,37.8630632,2500,MILVIA ST,124,BERKELEY,,,94704,55-1815-17-2,c728d36318e50541
-122.274919,37.8498599,1626,FAIRVIEW ST,,BERKELEY,,,94703,52-1535-26,81b66328422abcf5
-122.2535066,37.8838073,147,DEL MAR AV,,BERKELEY,,,94708,60-2479-19,73d6e1bf06fc6dd8
-122.2633959,37.8781036,2360,HILGARD AV,,BERKELEY,,,94709,58-2187-5,2ec78fa15aa8f582
-122.2834648,37.8689517,1410,ADDISON ST,A,BERKELEY,,,94702,56-1997-4,3a63911c3dfdd4ad
-122.2957771,37.8825363,1117,HARRISON ST,,BERKELEY,,,94706,60-2410-4-2,31cd62749ab7e6fb
-122.2682557,37.8685574,2240,SHATTUCK AV,,BERKELEY,,,94704,57-2027-9,aebfe5919043cc8a
-122.2839499,37.8529358,2936,MABEL ST,,BERKELEY,,,94702,053 162800400,6a519e879135bd41
-122.2443793,37.8588728,2901,CLAREMONT AV,9,BERKELEY,,,94705,64-4235-1,b3543926c72cdf58
-122.2690711,37.8735511,2042,HEARST AV,A,BERKELEY,,,94709,57-2051-19-4,45040446bac4ff03
-122.2616099,37.8770605,2451,LE CONTE AV,101,BERKELEY,,,94709,58-2193-5,264cdc08e7ea6eb1
-122.2603475,37.858743,2327,OREGON ST,,BERKELEY,,,94705,053 168900900,9b4b7822693848cd
-122.2689708,37.862555,2016,BLAKE ST,5,BERKELEY,,,94704,55-1821-20,1e5bd2c225868c38
-122.2716259,37.8769668,1634,MILVIA ST,6,BERKELEY,,,94709,58-2172-10,f9243476b3a56a6a
-122.2748122,37.8480005,1616,ALCATRAZ AV,A,BERKELEY,,,94703,52-1522-20,6450b0c7c1a45161
-122.2758284,37.8692617,2125,ROOSEVELT AVE,,BERKELEY,,,94703,056 201202600,1807105ef1843406
-122.2913148,37.8826155,1216,MASONIC AVE,,BERKELEY,,,94706,060 240903500,9184084031393ef4
-122.2693333,37.8941619,843,SANTA BARBARA RD,,BERKELEY,,,94707,61-2582-52,179620f42a78a764
-122.2704493,37.882549,1329,HENRY ST,1B,BERKELEY,,,94709,60-2455-69-1,a8796a3471394d64
-122.2789336,37.8746668,1625,FRANCISCO ST,,BERKELEY,,,94703,58-2157-8,4be3e4be48dc2fa7
-122.2607126,37.863205,2550,DANA ST,G5,BERKELEY,,,94704,55-1832-131,3222ad270870c3e4
-122.2637768,37.8751394,2311,LE CONTE AVE,,BERKELEY,,,94709,058 218900700,cffaca19f864041f
-122.2719388,37.901673,480,KENTUCKY AV,,BERKELEY,,,94707,62-2944-15,1dcf7230e5beba06
-122.2818635,37.8965445,620,THE ALAMEDA,,BERKELEY,,,94707,062 289300600,6ce480b4ab6d5907
-122.2618914,37.8927087,981,REGAL RD,,BERKELEY,,,94708,63-2976-51,408d1bf5154f200d
-122.2889826,37.8565282,2741,TENTH ST,,BERKELEY,,,94710,54-1744-22-4,aade2144370d286c
-122.303509,37.8798837,1231,FOURTH ST,,BERKELEY,,,94710,60-2360-21-2,e0cf9155763507d4
-122.2441215,37.8575688,22,DOMINGO AV,305,BERKELEY,,,94705,64-4236-5,5aa523940bb6d1d7
-122.2368287,37.8536668,1,ROBLE RD,,BERKELEY,,,94705,64-4265-16,707a86215ed2d177
-122.2664358,37.8778942,1643,OXFORD ST,,BERKELEY,,,94709,058 218302002,a3074702642edc16
-122.2778547,37.8881177,1016,FRESNO AVE,,BERKELEY,,,94707,061 261000900,bf7cd0c5b90f95f3
-122.2841292,37.8593725,1319,CARLETON ST,,BERKELEY,,,94702,54-1791-13,a64136cc722eec08
-122.2477083,37.8558645,2862,WEBSTER ST,,BERKELEY,,,94705,52-1564-68,6b4ece7b717918c0
-122.2882489,37.8610051,1124,DWIGHT WY,4,BERKELEY,,,94702,54-1781-24-1,47808a0db9c6507c
-122.2747062,37.8540661,1649,ASHBY AVE,,BERKELEY,,,94703,053 160800600,9d09a9e6d9ddf57c
-122.2521449,37.8669633,2747,HASTE ST,27,BERKELEY,,,94704,55-1868-3,579dc9cf288ee864
-122.2827872,37.8922156,848,ENSENADA AV,,BERKELEY,,,94707,62-2872-4,216e70440914093a
-122.283119,37.8715392,1428,HEARST AV,A,BERKELEY,,,94702,57-2075-28,5163d07f0b5104ad
-122.2710587,37.8582066,1909,STUART ST,,BERKELEY,,,94703,054 172501500,154cef3976a689b2
-122.2579268,37.859428,2424,STUART ST,,BERKELEY,,,94705,53-1692-7,3e13dc16c38a0a57
-122.2660138,37.8589187,2119,STUART ST,,BERKELEY,,,94705,54-1720-16,f02f3f927fb13840
-122.2856787,37.8618281,2455,BONAR ST,,BERKELEY,,,94702,056 192002300,e393c637cd9f8b94
-122.2729018,37.8978859,683,SAN LUIS RD,,BERKELEY,,,94707,62-2915-25,4f4b32f7f419786c
-122.2598456,37.8767486,2534,LE CONTE AV,,BERKELEY,,,94709,58-2199-15,374a6105229216ba
-122.247349,37.8631658,2951,DERBY ST,204B,BERKELEY,,,94705,48H-7690-3,795a97f1ef820170
-122.2782441,37.8715366,1634,BERKELEY WAY,,BERKELEY,,,94703,057 207002300,3235f2e372878e50
-122.2645777,37.8598789,2718,FULTON ST,,BERKELEY,,,94705,054 171902200,b83203f42702d177
-122.2737323,37.855604,1712,RUSSELL ST,,BERKELEY,,,94703,053 160400400,9c6759e39f4b54a4
-122.2690469,37.874392,2050,DELAWARE ST,314,BERKELEY,,,94709,57-2050-31-1,7bf3a416f3a9e364
-122.2856798,37.8618269,2441,BONAR ST,,BERKELEY,,,94702,56-1920-23,93dc4e4a0feb4117
-122.2532894,37.8636954,2601,COLLEGE AV,111,BERKELEY,,,94704,55-1848-64,16b84e1d8d8fb1da
-122.2363127,37.8576002,256,ALVARADO RD,,BERKELEY,,,94705,48H-7607-38,1d0fb3c67a2d475f
-122.2590969,37.8664687,2414,TELEGRAPH AV,310,BERKELEY,,,94704,55-1880-22-1,8b2b85acb9a84c23
-122.2929817,37.8653842,2217,NINTH ST,3,BERKELEY,,,94710,56-1975-28,d24568a6378df588
-122.2781214,37.8801721,1409,CYPRESS ST,,BERKELEY,,,94703,59-2282-28,cbba66f1c01325d6
-122.2613058,37.8585667,2309,OREGON ST,,BERKELEY,,,94705,053 168901700,6b2a9a4c679b1349
-122.2612204,37.8644917,2336,DWIGHT WY,,BERKELEY,,,94704,55-1831-29,3f93a49e8a1efe12
-122.2565977,37.8590817,2817,REGENT ST,C,BERKELEY,,,94705,53-1693-22,1ed1e43a940a3825
-122.2466766,37.8621648,2709,CLAREMONT BLVD,,BERKELEY,,,94705,054 170206200,84f00f5cfd550533
-122.2573394,37.8642878,2525,REGENT ST,4,BERKELEY,,,94704,55-1842-25,772a7d3d1cf8aaf8
-122.2542178,37.8557198,2612,WEBSTER ST,9,BERKELEY,,,94705,52-1561-3-1,a7ffe95f9b40672d
-122.2547118,37.8643744,2533,BENVENUE AV,B,BERKELEY,,,94704,55-1846-26,4d51cba02f900d3b
-122.2591644,37.8543143,2414,DOWLING PL,,BERKELEY,,,94705,52-1575-13,90ff8338ba9526b5
-122.2730275,37.8740715,1801,MARTIN LUTHER KING JR WY,,BERKELEY,,,94709,57-2057-1,d4e820c7df4c1c31
-122.2930537,37.8656026,2209,NINTH ST,COM,BERKELEY,,,94710,056 197503400,0afe144c50a23187
-122.2853666,37.8912789,1563,SOLANO AV,337,BERKELEY,,,94707,62-2872-25,444c1cdccb398360
-122.2781027,37.871561,1636,BERKELEY WAY,,BERKELEY,,,94703,057 207002400,affe0e30c0adedfc
-122.2754535,37.8656099,2325,ROOSEVELT AV,,BERKELEY,,,94703,55-1905-29,f4cca0f174346e6c
-122.2623571,37.8901379,1083,EUCLID AV,,BERKELEY,,,94708,63-2987-10,0c793e38dd68f61f
-122.2546143,37.8550535,3019,HILLEGASS AV,1,BERKELEY,,,94705,52-1561-31,4dc32a71729c5729
-122.2966112,37.8761754,1001,JONES ST,,BERKELEY,,,94710,059 233001700,207ae2db988be683
-122.2537258,37.8662684,2435,COLLEGE AV,6,BERKELEY,,,94704,55-1867-13,828c9755547f7cf9
-122.277794,37.8758739,1651,MCGEE AV,,BERKELEY,,,94703,58-2161-13,7eaaefb53061ce6d
-122.2677869,37.8637607,2504,SHATTUCK AV,,BERKELEY,,,94704,55-1822-1,f848755e569b6f2f
-122.2710848,37.88606,1189,SUTTER ST,,BERKELEY,,,94707,061 256203500,1e0fa68de2776f69
-122.2622975,37.8984982,798,CRESTON RD,,BERKELEY,,,94708,63-2965-33-1,1b1a7959708966bb
-122.2575934,37.8540624,2453,PRINCE ST,,BERKELEY,,,94705,52-1574-24,5d93162f2ca60294
-122.2554267,37.8952811,1015,PARK HILLS RD,,BERKELEY,,,94708,063 313005700,6217d19aa0c10256
-122.2799193,37.8608142,1511,PARKER ST,,BERKELEY,,,94703,054 180001500,db9043ca12301aa5
-122.2615468,37.8613338,2315,DERBY ST,,BERKELEY,,,94705,055 183401500,ecb283a263973766
-122.2529998,37.8533625,3110,COLLEGE AV,1,BERKELEY,,,94705,52-1410-20-1,0a195e041d3c512d
-122.2939643,37.8646801,2229,EIGHTH ST,D,BERKELEY,,,94710,56-1970-16,5d80a1d43aaa780d
-122.2790164,37.8704991,1630,UNIVERSITY AV,40,BERKELEY,,,94703,56-2004-24,d50c5f8de0c691f9
-122.2761762,37.8557416,1615,RUSSELL ST,103,BERKELEY,,,94703,53-1673-15-1,993e31c8adc53e03
-122.2696926,37.8661276,2000,DURANT AV,208,BERKELEY,,,94704,55-1895-15-1,6ba732a84563395f
-122.2766621,37.9026624,435,ARLINGTON AV,,BERKELEY,,,94707,62-2940-52,02c84b42b1c4d9e6
-122.2679878,37.8545638,2025,EMERSON ST,A,BERKELEY,,,94703,53-1592-10,33de3f55f211c0ce
-122.2788764,37.8840325,1201,COLUSA AV,,BERKELEY,,,94707,60-2437-33,fb1b629fe7fd00f4
-122.2773895,37.8997492,581,ARLINGTON AV,,BERKELEY,,,94707,62-2916-12,3d5a6a8c6011da41
-122.2824957,37.8709087,1440,BERKELEY WY,,BERKELEY,,,94702,57-2072-15-1,ec8e7b65d57e3b69
-122.27402,37.8877774,1953,NAPA AVE,,BERKELEY,,,94707,061 257001100,95b7313eec790ddb
-122.2781003,37.8775195,1707,CEDAR ST,,BERKELEY,,,94703,59-2276-19,d0c9b9404de9d226
-122.255392,37.8580281,2901,HILLEGASS AV,3,BERKELEY,,,94705,52-1569-30,a4a92c4a8f755404
-122.2833951,37.8627029,2426,ACTON ST,,BERKELEY,,,94702,56-1918-10,1f35d2d3bf1f6fa7
-122.270559,37.8482045,1813,63RD ST,D,BERKELEY,,,94703,52-1527-10-2,f4adb8ee86877be8
-122.2594796,37.8647178,2424,DWIGHT WY,7,BERKELEY,,,94704,55-1838-17,0368384119e2f72d
-122.2686686,37.8649961,2033,HASTE ST,206,BERKELEY,,,94704,55-1896-7-1,db12c78c2a348d65
-122.2490583,37.8662596,2903,DWIGHT WY,B,BERKELEY,,,94704,55-1856-12,2f4229afc7d56da3
-122.288996,37.8652635,2238,CURTIS ST,,BERKELEY,,,94702,56-1984-16,c6c86755ed6bd701
-122.2724045,37.8474923,3350,ADELINE ST,,BERKELEY,,,94703,052 152400300,dc8c8abeb9854b67
-122.2658639,37.8602682,2124,DERBY ST,,BERKELEY,,,94705,54-1719-6,13b0d7a6f19a2768
-122.2502184,37.8566412,2955,PIEDMONT AV,,BERKELEY,,,94705,52-1566-47,487c86ecd3681f4c
-122.3017132,37.8796179,823,GILMAN ST,,BERKELEY,,,94710,060 235902700,46f2848c23c31ee4
-122.2643342,37.8793806,1583,ARCH ST,A,BERKELEY,,,94708,59-2252-36,1efafabf59f1b7f3
-122.2728583,37.8487526,3244,ELLIS ST,D,BERKELEY,,,94703,52-1533-5,6f05f484d6a070cb
-122.2949864,37.8651494,2211,SEVENTH ST,SUMRF,BERKELEY,,,94710,56-1969-33-1,03f1750705c5a70a
-122.2660776,37.8544321,3021,SHATTUCK AV,A,BERKELEY,,,94705,53-1586-17,071cc7f289064750
-122.2723827,37.8532035,3022,HARPER ST,,BERKELEY,,,94703,053 160200900,9f32582d691a82f7
-122.2782587,37.8848411,1161,COLUSA AVE,,BERKELEY,,,94707,060 243700100,70e6b7504a4cec99
-122.27314,37.8800754,1440,BONITA AV,,BERKELEY,,,94709,59-2269-14-2,550e2c98841f4d05
-122.3006734,37.8692569,1832,FOURTH ST,,BERKELEY,,,94710,57-2102-5-1,ccddda6aa2dc7e50
-122.2988588,37.8727014,1645,SIXTH ST,,BERKELEY,,,94710,58-2120-18,cfed5de98aafbffb
-122.2713923,37.903004,463,VASSAR AVE,,BERKELEY,,,94708,062 294601400,552e20444895f17e
-122.2596695,37.8758706,2520,RIDGE RD,F,BERKELEY,,,94709,58-2200-14,2031435b120eec63
-122.2886543,37.8701509,1223,UNIVERSITY AVE,,BERKELEY,,,94702,057 208301809,ad75eafb0e5d074f
-122.2630293,37.8638088,2526,ELLSWORTH ST,2,BERKELEY,,,94704,55-1830-4,e345f57c1105fd46
-122.2760119,37.9001566,560,SAN LUIS RD,,BERKELEY,,,94707,62-2916-26,38327730a7967339
-122.270197,37.8844355,1228,SHATTUCK AV,,BERKELEY,,,94709,60-2455-12,f29f3d3bd94074e9
-122.2867613,37.8630757,1228,CHANNING WY,,BERKELEY,,,94702,56-1931-3,add86bd0d307f331
-122.2850156,37.8743256,1378,VIRGINIA ST,,BERKELEY,,,94702,58-2143-6-1,22731998a2701f07
-122.2868449,37.8916109,864,NEILSON ST,,BERKELEY,,,94707,062 284801100,9c876ed14dfd372b
-122.285742,37.8686593,1310,ADDISON ST,,BERKELEY,,,94702,56-1994-3,e7c896e9e923ccf8
-122.2757472,37.8774102,1802,CEDAR ST,,BERKELEY,,,94703,58-2165-1,00b090cb1c723f51
-122.2735845,37.8793286,1507,M L KING JR WAY,,BERKELEY,,,94709,059 226803200,e1b81bef084c32e6
-122.2719631,37.879322,1532,MILVIA ST,A,BERKELEY,,,94709,59-2267-4,ef8eace302cc4e6a
-122.2590033,37.8795516,2596,CEDAR ST,,BERKELEY,,,94708,058 219600201,01ad617899bf9718
-122.2613859,37.8751978,2451,HEARST AV,,BERKELEY,,,94709,58-2191-6-1,dbd4f0fece0b23fa
-122.2749297,37.8829627,1834,BERRYMAN ST,,BERKELEY,,,94703,60-2447-3,efe9717b4f6c6881
-122.2698046,37.8552472,2927,OTIS ST,B,BERKELEY,,,94703,053 159803300,ea1f1d47b09d16b4
-122.2636918,37.8632604,2226,BLAKE ST,,BERKELEY,,,94704,55-1829-24,09692ec3028e59c4
-122.2497722,37.8661551,2448,PROSPECT ST,,BERKELEY,,,94704,055 186501100,e98551cf39be5655
-122.2791352,37.8522111,3012,SACRAMENTO ST,,BERKELEY,,,94702,053 161401800,85fcaad77d0c92fd
-122.2654018,37.8859605,2300,EUNICE ST,,BERKELEY,,,94708,060 246302400,b16f653232e6a835
-122.2770703,37.863495,2428,MCGEE AVE,,BERKELEY,,,94703,055 191001300,172ad5d1a27d4772
-122.2800363,37.8620592,1524,DWIGHT WAY,,BERKELEY,,,94703,054 179702000,2e94bea1881b8578
-122.2932263,37.8538894,2850,SEVENTH ST,,BERKELEY,,,94710,053 165500900,2e679d924d28def7
-122.2950948,37.873384,1650,TENTH ST,,BERKELEY,,,94710,58-2125-19,a3808be61f03ceb1
-122.2652152,37.8667111,2210,DURANT AV,2,BERKELEY,,,94704,55-1887-17,71d52b053b9888d1
-122.2505745,37.8678098,2401,WARRING ST,,BERKELEY,,,94704,55-1865-1,10fe072744e23796
-122.2930474,37.8759919,1127,HOPKINS ST,4,BERKELEY,,,94702,60-2394-24,c6e75a42cdc9aaea
-122.2918179,37.8594439,2550,NINTH ST,108,BERKELEY,,,94710,54-1778-2-2,75e1a92098238d76
-122.2711165,37.8641252,1920,HASTE ST,B,BERKELEY,,,94704,55-1898-24,f8f2d4fd07924a12
-122.2507081,37.8552623,2743,PRINCE ST,,BERKELEY,,,94705,052 156402300,178fa4137d9a95b0
-122.2668044,37.8951151,10,ROCK LN,B,BERKELEY,,,94708,63-2961-44,05ec5aef44fa1aa8
-122.2940798,37.8613966,2415,SEVENTH ST,,BERKELEY,,,94710,56-1939-33-2,3fb2c8fbf4d064a1
-122.2905144,37.8808358,1322,CURTIS ST,,BERKELEY,,,94702,60-2392-5,8c6bde05a98c1ece
-122.2548567,37.8591866,2820,BENVENUE AV,A,BERKELEY,,,94705,53-1694-8,18dd1653ee1524bd
-122.2487662,37.858293,2908,PINE AVE,,BERKELEY,,,94705,052 156600400,0ac28bd2e99d6791
-122.2701056,37.8780252,2022,CEDAR ST,,BERKELEY,,,94709,58-2173-44,844701911afc249a
-122.2723938,37.8474853,3360,ADELINE ST,7271,BERKELEY,,,94703,52-1524-3,e3009aea94f8c078
-122.2952407,37.8723934,1719,NINTH ST,,BERKELEY,,,94710,58-2126-27,40546540e62ec980
-122.2711485,37.8918766,819,SHATTUCK AVE,,BERKELEY,,,94707,061 258401000,6973eb7e2c23530b
-122.275064,37.8766996,1624,JOSEPHINE ST,2,BERKELEY,,,94703,58-2165-11,6b4db020e076da41
-122.2812448,37.8762088,1527,LINCOLN ST,A,BERKELEY,,,94703,58-2154-11,c228b20487339174
-122.2488494,37.855745,2830,WEBSTER ST,,BERKELEY,,,94705,052 156408600,6e413fbade209709
-122.2554752,37.8601455,2743,HILLEGASS AV,1,BERKELEY,,,94705,54-1710-17,859ee0391ad22673
-122.2615714,37.8943656,984,KEELER AVE,,BERKELEY,,,94708,063 297001500,8e9c9d16b02f9fb7
-122.2589019,37.8897673,1122,KEELER AVE,,BERKELEY,,,94708,063 298501300,0b7b58ae0c1703f0
-122.2814502,37.8823047,1607,HOPKINS ST,,BERKELEY,,,94707,060 243502701,983d582defc3e5ca
-122.2767143,37.854744,1611,JULIA ST,,BERKELEY,,,94703,53-1609-18,fbfe3deee56cdf5f
-122.2692585,37.8669528,2020,BANCROFT WY,216,BERKELEY,,,94704,55-1894-14-1,bdeb39d35525bfdc
-122.260624,37.8678898,2417,DURANT AVE,,BERKELEY,,,94704,055 187802600,777631f1b8b2df05
-122.2852312,37.891244,1573,SOLANO AV,,BERKELEY,,,94707,62-2872-24,ee64528f2e3b4974
-122.2554955,37.8758994,1829,HIGHLAND PL,,BERKELEY,,,94709,058 220301500,bf63e076e4701663
-122.2596317,37.8892384,0,CRAGMONT AVE,,BERKELEY,,,94708,063 298601400,c4adf4448f633c88
-122.2690927,37.8512425,1929,FAIRVIEW ST,,BERKELEY,,,94703,052 155201200,49027bcfcf20446e
-122.2673518,37.8710252,2109,SHATTUCK AV,,BERKELEY,,,94704,57-2032-10,bc515c06f28a49d9
-122.2633959,37.8866869,1198,LAUREL ST,,BERKELEY,,,94708,061 255300800,6c3cbcffc34f53aa
-122.301348,37.8767803,1419,FIFTH ST,,BERKELEY,,,94710,059 233701700,b34078c2ad9eeb68
-122.2661127,37.8547406,2109,EMERSON ST,,BERKELEY,,,94705,053 158701500,0e608b61bb147524
-122.294655,37.8668051,2111,EIGHTH ST,,BERKELEY,,,94710,56-1971-27,cc5a0e1dc6b4ab57
-122.263863,37.8665194,2239,CHANNING WY,203,BERKELEY,,,94704,55-1887-4,5cc785354039da0b
-122.2460261,37.8542883,47,PARKSIDE DR,,BERKELEY,,,94705,64-4246-11,73ea92e3804f457c
-122.2899959,37.8711495,1824,CURTIS ST,,BERKELEY,,,94702,057 208600900,2113fd21d5209d6c
-122.2825802,37.8722587,1812,SACRAMENTO ST,,BERKELEY,,,94702,57-2076-30,25179c905be7f701
-122.2596951,37.8591141,2818,TELEGRAPH AV,12,BERKELEY,,,94705,53-1689-2,8e38d3b86debca1f
-122.3015245,37.86618,2021,SECOND ST,,BERKELEY,,,94710,56-1954-10,f00e8e1528fff193
-122.2703174,37.8499832,1833,HARMON ST,6,BERKELEY,,,94703,52-1529-17,29d38c24eafc1c7b
-122.2591211,37.879116,2597,HILGARD AV,,BERKELEY,,,94709,58-2196-7,dcfcca8b20dcf805
-122.2558741,37.8790223,2772,HILGARD AVE,,BERKELEY,,,94709,058 220800904,5a1434850ff6a4dd
-122.2662749,37.8765825,1717,OXFORD ST,208,BERKELEY,,,94709,58-2181-33,f346522dae5e5b4e
-122.2503587,37.8590284,2826,KELSEY ST,,BERKELEY,,,94705,053 169801100,fa602d3954a11852
-122.2890101,37.8646243,1134,BANCROFT WAY,,BERKELEY,,,94702,056 192602900,b0e1d8a0bfd59b60
-122.283395,37.8521767,1301,CARRISON ST,,BERKELEY,,,94702,53-1624-20,f1b0752324157c88
-122.2726911,37.8820974,1331,BONITA AV,3,BERKELEY,,,94709,60-2451-25,32ee20896673890b
-122.2866855,37.8694866,1276,UNIVERSITY AVE,,BERKELEY,,,94702,056 198100500,756c656b6f8023dd
-122.2670316,37.8692519,2116,ALLSTON WY,605,BERKELEY,,,94704,57-2030-2,1615c27250527716
-122.2803761,37.8688589,2121,SPAULDING AV,,BERKELEY,,,94703,56-2002-31,f838cdb610ddf7c8
-122.2638093,37.8785081,2339,HILGARD AV,302,BERKELEY,,,94709,58-2186-8,9fa22499a255f221
-122.2657938,37.8541135,2111,ESSEX ST,,BERKELEY,,,94705,053 158601200,c8d3cb350ef1dde0
-122.2719662,37.892443,814,OXFORD ST,,BERKELEY,,,94707,61-2584-20,28070171832d45f8
-122.274883,37.8871347,1927,NAPA AVE,,BERKELEY,,,94707,061 257001800,5d535b9c2d0d7fa4
-122.2891278,37.8549626,2826,TENTH ST,,BERKELEY,,,94710,53-1660-17,dcffe253b43d41f0
-122.2521449,37.8669633,2747,HASTE ST,18,BERKELEY,,,94704,55-1868-3,175694c2e72d3c96
-122.2927475,37.8803904,1317,CORNELL AV,,BERKELEY,,,94702,60-2401-26,70d2fb94e7e0bdae
-122.2534759,37.8540195,2629,WOOLSEY ST,,BERKELEY,,,94705,052 156202300,9ace5d55cbb34a7b
-122.2650994,37.8649738,2425,FULTON ST,12,BERKELEY,,,94704,55-1889-15,1856e8f4904a890e
-122.2673644,37.8519887,0,WOOLSEY ST,,BERKELEY,,,94703,052 142900400,a98468f076165f3f
-122.245417,37.8559128,39,OAKVALE AVE,,BERKELEY,,,94705,064 423801100,5203dbbf54d0ac99
-122.2725612,37.8809417,1417,BONITA AVE,,BERKELEY,,,94709,059 226603000,3b79e6132a47f78b
-122.2694284,37.8678249,2005,BANCROFT WY,133,BERKELEY,,,94704,57-2028-14-2,e5c2520be7da6360
-122.2713257,37.8522073,1836,PRINCE ST,2,BERKELEY,,,94703,52-1550-4,18a5c70f359a03cb
-122.2739631,37.9014766,478,VERMONT AVE,,BERKELEY,,,94707,062 294202200,57feabc05ff40ef0
-122.2962381,37.8623569,2322,SIXTH ST,104,BERKELEY,,,94710,56-1942-10-2,e2fdfbe8c759ab3b
-122.2593262,37.8549513,3031,TELEGRAPH AVE,212,BERKELEY,,,94705,052 157408900,b9673b1c63dab471
-122.2783681,37.8517969,1507,PRINCE ST,4,BERKELEY,,,94703,53-1613-12,7f3d092412a90362
-122.2524235,37.89282,1112,HILLVIEW RD,,BERKELEY,,,94708,063 315002200,f988e28f29794d62
-122.2722169,37.8722597,1930,BONITA AV,,BERKELEY,,,94704,57-2059-4,3da3e878321661fd
-122.2855212,37.8816146,1350,ACTON ST,B,BERKELEY,,,94706,60-2427-8-1,759a010b547aa1ac
-122.2863015,37.861746,1235,DWIGHT WY,,BERKELEY,,,94702,56-1931-21,e8e61699e433ea34
-122.283954,37.8809436,1475,HOPKINS ST,,BERKELEY,,,94702,060 242904900,ec077a3efe2b9650
-122.2620779,37.893661,15,POPPY LN,,BERKELEY,,,94708,063 297700100,9b5419b514cd801c
-122.2837159,37.8594272,1327,CARLETON ST,,BERKELEY,,,94702,054 179101000,dddb7aba9522df60
-122.2535209,37.8567232,2642,ASHBY AV,,BERKELEY,,,94705,52-1573-15,59330927aded3696
-122.2638581,37.8849534,1237,GLEN AV,,BERKELEY,,,94708,60-2465-37-11,42526d592a31d635
-122.2914613,37.8621489,2410,TENTH ST,,BERKELEY,,,94710,56-1935-8,489c1f627660905c
-122.2545111,37.8624071,2631,BENVENUE AV,3,BERKELEY,,,94704,55-1845-23,33442ed453b0bcae
-122.2809637,37.8866831,1727,SONOMA AVE,,BERKELEY,,,94707,061 261702200,7855c8804e042ab5
-122.283775,37.876988,1470,KEONCREST DR,,BERKELEY,,,94702,59-2286-134,8c3688b008b81f42
-122.2401727,37.8561226,101,TUNNEL RD,,BERKELEY,,,94705,064 422601400,35566181f14c1970
-122.2550228,37.8839313,21,DEL MAR AV,,BERKELEY,,,94708,60-2475-29,381fc616c255193c
-122.2651313,37.8590327,2145,STUART ST,C,BERKELEY,,,94705,54-1720-9,e134989dbb65ab9b
-122.2347665,37.8524394,260,TUNNEL RD,,BERKELEY,,,94705,64-4265-8-1,4737a0e87214f964
-122.2931342,37.8691833,1019,UNIVERSITY AV,,BERKELEY,,,94710,57-2088-12,41b6e4ab418315f6
-122.2676594,37.8624463,2576,SHATTUCK AV,,BERKELEY,,,94704,55-1821-4,3dc2b5de82ac0cd5
-122.2797821,37.8767739,1610,CEDAR ST,,BERKELEY,,,94703,58-2155-25,8140aa05eb5f95e5
-122.2878065,37.8545629,2840,SAN PABLO AVE,,BERKELEY,,,94702,053 166101801,123198e7d0b90134
-122.2769153,37.8975817,672,ARLINGTON AV,A,BERKELEY,,,94707,62-2921-8,25e1216eda4e40b0
-122.2734621,37.8839327,1234,BONITA AVE,,BERKELEY,,,94709,060 244903000,697a0b09959e5997
-122.2814327,37.8748707,1520,VIRGINIA ST,,BERKELEY,,,94703,058 215100600,7a87029bd719e7b5
-122.2839703,37.8704537,1401,UNIVERSITY AV,,BERKELEY,,,94702,57-2072-8,b5db6cab8f929854
-122.2596907,37.8836739,2601,SHASTA RD,,BERKELEY,,,94708,060 247302101,825a0444ee955e62
-122.2703027,37.8707665,2002,ADDISON ST,202,BERKELEY,,,94704,57-2023-17-1,8b941d81bcfc4d75
-122.2900818,37.8655681,2224,BYRON ST,,BERKELEY,,,94702,56-1983-17-1,3d4f784fd25953d9
-122.2846197,37.8948468,1665,PORTLAND AV,,BERKELEY,,,94707,62-2877-6,c1ba08c424e5528d
-122.2560621,37.8921641,1110,GRIZZLY PEAK BLVD,,BERKELEY,,,94708,063 297901900,491d103e42d86504
-122.2773206,37.8570975,1600,STUART ST,C,BERKELEY,,,94703,53-1674-20,4cd2184ff480c326
-122.270082,37.8758013,2025,FRANCISCO ST,3,BERKELEY,,,94709,58-2175-12,f03b8a411b1d068c
-122.2402684,37.8566971,33,ALVARADO RD,,BERKELEY,,,94705,064 422600500,441e224c8011f9e9
-122.2834698,37.8507926,3104,MABEL ST,,BERKELEY,,,94702,052 151501800,a737566e64cb78ba
-122.2785488,37.8553654,1525,RUSSELL ST,12,BERKELEY,,,94703,53-1672-5-1,c53daf903a28c09a
-122.2783377,37.8720299,1635,BERKELEY WY,,BERKELEY,,,94703,57-2069-6,e5b91e98b77de04b
-122.2831994,37.8669478,1410,ALLSTON WAY,,BERKELEY,,,94702,056 199800302,f885ae2d5afdfe4d
-122.2704331,37.8748324,2015,DELAWARE ST,REAR,BERKELEY,,,94709,058 217603400,94831550eb6697ee
-122.289841,37.856064,2777,NINTH ST,8,BERKELEY,,,94710,054 174505200,a8e533bdcf8fb73a
-122.2717219,37.8750436,1936,FRANCISCO ST,,BERKELEY,,,94709,58-2169-32,d8ab38690d520272
-122.2872173,37.8593481,1136,PARKER ST,A,BERKELEY,,,94702,54-1785-27,35b7e3bdfdbd86d2
-122.2763876,37.8483643,1531,ALCATRAZ AV,7,BERKELEY,,,94703,52-1520-5,49d267a0da43b195
-122.2955888,37.873466,1637,NINTH ST,,BERKELEY,,,94710,58-2125-27,6a8177a92fd073a3
-122.261673,37.8644361,2324,DWIGHT WY,213,BERKELEY,,,94704,55-1831-28-1,aed6d8e158e029fc
-122.2820096,37.8796128,1367,MIRAMONTE CT,,BERKELEY,,,94703,60-2432-25-1,70d66a5cd9f17d5a
-122.2649341,37.8560553,2924,WHEELER ST,,BERKELEY,,,94705,53-1588-8,52bae464e1737871
-122.2771913,37.8495735,1522,FAIRVIEW ST,B,BERKELEY,,,94703,052 153603000,433bc172e11f5093
-122.2988067,37.8725429,1647,SIXTH ST,,BERKELEY,,,94710,058 212001700,72ec990fcd40e3a4
-122.25681,37.8646077,2520,HILLEGASS AV,214,BERKELEY,,,94704,55-1842-8-1,e9e1b0043991d35b
-122.2824862,37.878552,1515,SACRAMENTO ST,,BERKELEY,,,94702,59-2285-40,4fdef6901941b757
-122.2907745,37.8621517,2417,TENTH ST,,BERKELEY,,,94710,056 193202100,32a95ebe7dba139b
-122.2956238,37.8627666,2323,SIXTH ST,,BERKELEY,,,94710,056 194102000,d13f142a9bd9305f
-122.2718771,37.8890167,2012,DEL NORTE ST,,BERKELEY,,,94707,061 256301803,57d1389b191c7c5b
-122.2740751,37.8938613,837,ARLINGTON AV,,BERKELEY,,,94707,61-2578-49,19f341a771c1934b
-122.2926517,37.8693793,1970,SAN PABLO AV,,BERKELEY,,,94702,57-2088-8-1,a6771020d4e105d9
-122.2753725,37.8503506,1619,FAIRVIEW ST,4,BERKELEY,,,94703,52-1543-13,ec314e9b87f546f9
-122.2758206,37.8840779,1214,JOSEPHINE ST,,BERKELEY,,,94703,060 244500400,980093eb6c567da1
-122.2850002,37.881035,1355,ACTON ST,,BERKELEY,,,94706,060 242802700,ed8dda112d49b97f
-122.2686699,37.8704095,2140,SHATTUCK AV,209,BERKELEY,,,94704,57-2023-4,410de3f5948cc80f
-122.2537903,37.8609352,2720,COLLEGE AV,3,BERKELEY,,,94705,54-1709-9,43a7e5302fdf0456
-122.2581215,37.8957493,968,OVERLOOK RD,,BERKELEY,,,94708,063 313004300,99ff004c9ef53344
-122.2494194,37.8855536,1368,GRIZZLY PEAK BLVD,,BERKELEY,,,94708,060 248701700,be33d9cb92ee322c
-122.2806519,37.8887263,1000,SIERRA ST,,BERKELEY,,,94707,61-2618-3,e68f33ae51c7f96b
-122.2473521,37.8649045,2601,WARRING ST,356,BERKELEY,,,94705,48H-7690-4,93d7ed616543f015
-122.2893507,37.8815095,1313,GILMAN ST,B,BERKELEY,,,94706,60-2412-15,a85994faa2671570
-122.264904,37.8748416,1851,SPRUCE ST,,BERKELEY,,,94709,058 218202600,7e68be4d64dba078
-122.2627396,37.8650707,2431,ELLSWORTH ST,306,BERKELEY,,,94704,55-1882-11,50a45c668f954485
-122.2962438,37.8646684,2215,SIXTH ST,,BERKELEY,,,94710,56-1964-22,55a087f5f43133fd
-122.2707577,37.8546012,1911,ASHBY AV,A,BERKELEY,,,94703,53-1599-20,604637c2dab1f98c
-122.2868402,37.8925653,1520,SAN LORENZO AV,,BERKELEY,,,94707,62-2848-2,198a6140c182c603
-122.2644302,37.8646215,2217,DWIGHT WY,4,BERKELEY,,,94704,55-1889-12,530dd5c184d75eb0
-122.2513448,37.8535601,3109,LEWISTON AVE,,BERKELEY,,,94705,052 156310100,90d0dcc59d6d9cd6
-122.2755323,37.8866199,1139,THE ALAMEDA,,BERKELEY,,,94707,061 257002400,880dc05acd502965
-122.2627657,37.8647852,2491,ELLSWORTH ST,56,BERKELEY,,,94704,55-1882-10,5e9ddc0d49c5e5bb
-122.2828402,37.8560464,2769,PARK ST,,BERKELEY,,,94702,054 174102300,a260b65fa1a4c5e0
-122.2607126,37.863205,2550,DANA ST,G26,BERKELEY,,,94704,55-1832-131,f2f091b061b9ec44
-122.2716399,37.8770884,1624,MILVIA ST,,BERKELEY,,,94709,058 217200900,910a8ef47344ac90
-122.2467353,37.8825083,1545,SUMMIT RD,,BERKELEY,,,94708,60-2492-18,983004a6b4b4c5f1
-122.2772734,37.8615235,1624,BLAKE ST,,BERKELEY,,,94703,54-1805-29,159520863ad97273
-122.2766325,37.8806357,1410,GRANT ST,,BERKELEY,,,94703,059 227400900,b18f73f0aec05fa0
-122.277904,37.8545883,1533,JULIA ST,,BERKELEY,,,94703,53-1610-7,c5496db800210a06
-122.2812488,37.8601067,1434,PARKER ST,,BERKELEY,,,94702,54-1794-25,5d5de6843a5a9838
-122.255822,37.8649053,2500,BENVENUE AV,201,BERKELEY,,,94704,55-1843-26-3,3ca447c045f2cd88
-122.2909762,37.875995,1514,CURTIS ST,,BERKELEY,,,94702,59-2290-8,a4765ed49f8f2287
-122.2934835,37.8685481,1040,UNIVERSITY AV,304,BERKELEY,,,94710,56-1973-6-1,f0d4baee810a55c2
-122.2554778,37.8643827,2528,BENVENUE AVE,COM,BERKELEY,,,94704,055 184303000,6702a652433cf0c3
-122.2909901,37.8558314,935,GRAYSON ST,,BERKELEY,,,94710,54-1746-24,750c204f740c7263
-122.2678181,37.8799338,1511,WALNUT ST,2,BERKELEY,,,94709,59-2259-26,99380beabc76327c
-122.253605,37.8554049,3015,BENVENUE AV,,BERKELEY,,,94705,52-1562-35,2ff890f7b339d1fa
-122.2559671,37.8818283,2838,BUENA VISTA WY,,BERKELEY,,,94708,58-2242-76-1,2aed3bc9682e96a7
-122.2870037,37.8764486,1562,JUANITA WY,,BERKELEY,,,94702,59-2286-17,6e8037d077024a8e
-122.2665908,37.8916964,961,SANTA BARBARA RD,,BERKELEY,,,94707,63-2973-40,bcb73f22bb2d9793
-122.276879,37.8743854,1716,FRANCISCO ST,2,BERKELEY,,,94703,58-2159-30,cfab9157b356614b
-122.2696516,37.895613,770,SPRUCE ST,,BERKELEY,,,94707,061 258201302,a765424caa6e867b
-122.2935517,37.8773155,1449,KAINS AVE,,BERKELEY,,,94702,060 239401600,5383317f7b816b5f
-122.2790731,37.8551976,1509,RUSSELL ST,,BERKELEY,,,94703,53-1672-9,24f0721747739da6
-122.2569478,37.8809354,2780,BUENA VISTA WY,,BERKELEY,,,94708,58-2242-60,e3e35e1750ebd641
-122.2771302,37.8501238,1527,FAIRVIEW ST,C,BERKELEY,,,94703,52-1544-10,6586e24be81b92ca
-122.2914081,37.8829015,1208,MASONIC AV,,BERKELEY,,,94706,60-2409-32,45dc137c7474ad62
-122.2647796,37.8753431,1797,SPRUCE ST,,BERKELEY,,,94709,58-2182-27,3789ce0a49f8a086
-122.2765982,37.8483365,1529,ALCATRAZ AV,6,BERKELEY,,,94703,52-1520-6,0d17e8f033000832
-122.289897,37.8700089,1970,CURTIS ST,2,BERKELEY,,,94702,57-2085-5,1de64628696109dd
-122.2674631,37.8861233,2201,EUNICE ST,,BERKELEY,,,94709,61-2557-26,bc323050cdf07a1e
-122.2780193,37.8731786,1810,MCGEE AVE,,BERKELEY,,,94703,057 206600200,360f369acca3a112
-122.2957302,37.8758658,1502,TENTH ST,,BERKELEY,,,94710,059 231102400,39c774a18917a2f5
-122.2837692,37.8630925,2415,VALLEY ST,,BERKELEY,,,94702,56-1918-26,d9c553ce3082aaf8
-122.2700338,37.8468049,1818,SIXTY-SECOND ST,,BERKELEY,,,94703,052 143300700,0be4643b4ffb75f4
-122.267061,37.8711029,2110,ADDISON ST,,BERKELEY,,,94704,57-2032-12,5b8bd45c74a4f674
-122.2722718,37.8824901,1326,MILVIA ST,D,BERKELEY,,,94709,060 245104000,d20e6f73d9accc35
-122.2723722,37.8490748,3237,ELLIS ST,,BERKELEY,,,94703,052 153101101,92e287b3761df8b3
-122.2467825,37.8665407,2987,DWIGHT WAY,,BERKELEY,,,94704,055 185303700,24943d24a1410628
-122.2677326,37.9019691,560,EUCLID AV,,BERKELEY,,,94708,63-2953-13-5,13b2c996e1205859
-122.2543042,37.8619131,2667,DERBY ST,,BERKELEY,,,94705,055 184501800,14236048f99b1f63
-122.279609,37.8933906,1822,TACOMA AVE,,BERKELEY,,,94707,062 288702700,b74323048cfe7124
-122.2595362,37.8599394,2740,TELEGRAPH AV,,BERKELEY,,,94705,54-1716-2,711d26234adfbdd1
-122.2835954,37.8641153,2328,ACTON ST,,BERKELEY,,,94702,56-1917-15,831feb5e2ce05134
-122.2725709,37.8866723,1148,SUTTER ST,,BERKELEY,,,94707,61-2565-19,8a708f6d3ad669e1
-122.2693252,37.8854748,2112,EUNICE ST,,BERKELEY,,,94709,60-2455-26,7b137b01f3519ec4
-122.3125032,37.865722,201,UNIVERSITY AV,16,BERKELEY,,,94710,60-9008-10,62566d18da6233d2
-122.2416036,37.8521352,262,HILLCREST RD,,BERKELEY,,,94705,064 425200300,37a7ed084bcf2189
-122.2765465,37.8910325,919,THE ALAMEDA,,BERKELEY,,,94707,61-2575-43,a1ef5b040b7a8022
-122.2451921,37.8606419,2801,CLAREMONT BL,,BERKELEY,,,94705,54-1702-112,47739365254e41f2
-122.2695289,37.8978246,707,SPRUCE ST,,BERKELEY,,,94707,63-2959-62,87adb74d7b4b8600
-122.2925382,37.8565816,2703,SEVENTH ST,107,BERKELEY,,,94710,54-1747-33,059b5293cce0b1e2
-122.274457,37.8517634,1646,PRINCE ST,4,BERKELEY,,,94703,52-1545-34,ca7da800c16af19a
-122.2876666,37.8788614,1333,HOPKINS ST,1,BERKELEY,,,94702,60-2416-51,fa75d31f13aa5c1b
-122.2645522,37.8913508,1015,EUCLID AVE,,BERKELEY,,,94708,063 297503600,6f99fa907c8fafe1
-122.2630458,37.8937599,956,HILLDALE AV,,BERKELEY,,,94708,63-2971-28,d4afa12e97f49755
-122.3017456,37.874466,1509,FOURTH ST,,BERKELEY,,,94710,59-2316-18,62505b92db4c1734
-122.2767314,37.8722271,1721,BERKELEY WAY,4,BERKELEY,,,94703,057 206203500,e066995db99f7e47
-122.2880861,37.8659277,2220,BROWNING ST,,BERKELEY,,,94702,56-1987-12,659462fb7f283586
-122.2505534,37.8632881,2620,WARRING ST,,BERKELEY,,,94704,055 185200800,61ce6436e29dc297
-122.2831452,37.8779199,1528,SACRAMENTO ST,,BERKELEY,,,94702,059 228610300,359128a488de1fd2
-122.2863255,37.8741327,1348,VIRGINIA ST,,BERKELEY,,,94702,058 214000500,efbbfd10d79e752b
-122.2888,37.8543664,1029,HEINZ AVE,,BERKELEY,,,94710,053 166002301,bec1c751e950bb34
-122.2712484,37.8828837,1312,HENRY ST,,BERKELEY,,,94709,060 245302600,b4e585569c981579
-122.2488672,37.8662046,2907,DWIGHT WAY,,BERKELEY,,,94704,055 185601100,1528ad4064e7d2ab
-122.2680591,37.891881,925,SAN BENITO RD,,BERKELEY,,,94707,61-2589-7,242b3d8ca457524f
-122.2612925,37.8962149,171,FOREST LN,,BERKELEY,,,94708,063 296403101,61787a6391d7e9d7
-122.2532302,37.8673269,2724,CHANNING WY,303,BERKELEY,,,94704,55-1868-18,9fd9b7ba688b9f94
-122.3038639,37.8782716,1316,FOURTH ST,,BERKELEY,,,94710,059 234601500,a6c07ad6d9784749
-122.2781363,37.8554247,1529,RUSSELL ST,7,BERKELEY,,,94703,53-1672-4,0f0f0ff451992aaa
-122.2808715,37.8955976,658,THE ALAMEDA,,BERKELEY,,,94707,62-2893-15,1a023004b0f15d42
-122.2810914,37.850347,1340,67TH ST,,BERKELEY,,,94702,52-1517-32,ce4ca127c6ba7e95
-122.2731673,37.8507055,3138,ELLIS ST,C,BERKELEY,,,94703,52-1547-7,6bc5257735b356f4
-122.2927907,37.857577,2629,SEVENTH ST,,BERKELEY,,,94710,054 176600306,2e657f4c7d7162a6
-122.2753092,37.8516553,1620,PRINCE ST,,BERKELEY,,,94703,52-1545-28,6f5096ce0660e70b
-122.2963742,37.8632551,2304,SIXTH ST,1,BERKELEY,,,94710,56-1942-4,012410fe46731bbb
-122.2610082,37.888583,1139,EUCLID AV,,BERKELEY,,,94708,63-2988-11,132c62bee299d2aa
-122.273055,37.8598455,1807,DERBY ST,,BERKELEY,,,94703,54-1811-8,69c726ee7ec5c2ef
-122.2727345,37.8776414,1604,BONITA AV,,BERKELEY,,,94709,58-2171-6,efe0e4da45b48f07
-122.2652911,37.9039016,4,ROCHDALE WY,,BERKELEY,,,94708,63-3100-64,17e49838b8bfd616
-122.2547346,37.864645,2525,BENVENUE AV,2,BERKELEY,,,94704,55-1846-28,59955bd4daeb050b
-122.256738,37.8649077,2508,HILLEGASS AV,800,BERKELEY,,,94704,55-1842-7,bdf700984225469f
-122.2792612,37.8981053,1853,SAN JUAN AV,,BERKELEY,,,94707,62-2911-28,6c59be75bd00a5f9
-122.2871149,37.8770007,1340,ROSE ST,,BERKELEY,,,94702,059 228600400,cfa99c01df787677
-122.2972554,37.8729298,919,VIRGINIA ST,,BERKELEY,,,94710,058 212103300,36d32f9faddf2738
-122.2533157,37.8637058,2601,COLLEGE AVE,103,BERKELEY,,,94704,055 184803000,7ba72f3d51677f8c
-122.2674721,37.8687292,2231,SHATTUCK AV,26,BERKELEY,,,94704,57-2030-10,0d44cc1dbe9a57da
-122.2991974,37.8772005,1419,SEVENTH ST,,BERKELEY,,,94710,59-2335-13,d5496a675f6acc04
-122.2447119,37.8552067,0,THE PLAZA DR,,BERKELEY,,,94705,064 424000700,723dbaa452f83f94
-122.2572382,37.8584039,2836,REGENT ST,B,BERKELEY,,,94705,53-1691-3,d9da7beb7a257c63
-122.2638276,37.8553454,2178,ASHBY AV,B,BERKELEY,,,94705,52-1584-5,a729e90b386e27ae
-122.2525609,37.8818989,1492,CAMPUS DR,,BERKELEY,,,94708,060 247802400,583df48c16cfabea
-122.2748496,37.8646975,2400,GRANT ST,,BERKELEY,,,94703,55-1906-5,969b3d7eb6c82b36
-122.2784115,37.8711689,1627,UNIVERSITY AV,104,BERKELEY,,,94703,57-2070-7-5,1426ac470f67dcdc
-122.2670924,37.8527508,2020,PRINCE ST,,BERKELEY,,,94703,52-1554-19,3f28280585e7122b
-122.2525163,37.8591163,2824,CHERRY ST,,BERKELEY,,,94705,053 169601000,0dd0ea6c3792b388
-122.2836805,37.8704666,1447,UNIVERSITY AV,4,BERKELEY,,,94702,57-2072-7,1136e3fae9872370
-122.2820621,37.8764785,1502,CEDAR ST,,BERKELEY,,,94703,58-2154-24-1,8ae3be2aada81195
-122.2852333,37.8705574,1360,BERKELEY WY,1,BERKELEY,,,94702,57-2073-17,bcf40b90bc766b90
-122.289984,37.8516258,931,ASHBY AVE,,BERKELEY,,,94710,053 164101200,be5219e8c65c8713
-122.2576869,37.8779218,2666,VIRGINIA ST,,BERKELEY,,,94709,058 220601400,f54f0a73e4a9a244
-122.2681542,37.8751331,2113,DELAWARE ST,,BERKELEY,,,94709,58-2177-28,e27c4e3751ff1da2
-122.2875452,37.8598395,1131,PARKER ST,,BERKELEY,,,94702,54-1784-7,79d9c5a25c56c052
-122.275001,37.8716036,1801,UNIVERSITY AV,306,BERKELEY,,,94703,57-2060-51,7f7ed82e53d75399
-122.2574068,37.8956159,983,OVERLOOK RD,,BERKELEY,,,94708,63-3130-41,89910a0ac197a65f
-122.2830788,37.8515291,3035,MABEL ST,,BERKELEY,,,94702,53-1625-34,d0213a58a0572086
-122.2358857,37.8530061,240,TUNNEL RD,,BERKELEY,,,94705,064 426500400,f767efc2ca947e7e
-122.2915307,37.8684262,2047,SAN PABLO AV,,BERKELEY,,,94702,56-1979-16,1bf569d60cb74a74
-122.2630674,37.8751577,2340,LE CONTE AV,2,BERKELEY,,,94709,58-2190-12-1,0e092721daffb96a
-122.2754323,37.861396,1717,PARKER ST,A,BERKELEY,,,94703,54-1808-16,6f05cdc5feacd156
-122.2770464,37.8803985,1411,EDITH ST,,BERKELEY,,,94703,059 227403000,f1f6b7e56800944a
-122.2560346,37.8675402,2613,CHANNING WAY,,BERKELEY,,,94704,055 187201100,19d65d51411b9648
-122.2747122,37.8513544,1633,WOOLSEY ST,,BERKELEY,,,94703,52-1545-9,5fce9a2ecfdce2f1
-122.2692585,37.8669528,2025,DURANT AV,,BERKELEY,,,94704,55-1894-14-1,f396c2b60428d4a6
-122.2861289,37.8813451,1229,ORDWAY ST,,BERKELEY,,,94706,60-2427-25,006eabee1435efd5
-122.2714955,37.8902055,2011,LOS ANGELES AVE,,BERKELEY,,,94707,061 258601800,7379fa16d8a5b142
-122.2738994,37.8780001,1849,CEDAR ST,,BERKELEY,,,94703,059 227101600,34d03988fb3c3c0c
-122.2529904,37.866044,2715,DWIGHT WY,12,BERKELEY,,,94704,55-1867-10,e22088997cdbf206
-122.2741802,37.8792301,1508,MARTIN LUTHER KING JR WY,,BERKELEY,,,94709,59-2271-5,f91b462196b7fb6a
-122.2616836,37.8782676,2456,HILGARD AV,605,BERKELEY,,,94709,58-2194-22,b55d90fb34912dfd
-122.2678553,37.8746235,1818,WALNUT ST,5,BERKELEY,,,94709,57-2049-5,88e6086cf72c54b9
-122.2688097,37.8791215,1531,SHATTUCK AV,304,BERKELEY,,,94709,59-2260-18,1976a3fa532cdea4
-122.2607136,37.8632048,2550,DANA ST,6E,BERKELEY,,,94704,055 183210700,bfdda31da826138a
-122.2493149,37.8662356,2455,PROSPECT ST,107,BERKELEY,,,94704,55-1856-13,9c3f6d8b31c6b0cd
-122.2640113,37.8668633,2236,DURANT AV,2,BERKELEY,,,94704,55-1887-24,4f7d47d825c1cf15
-122.2894717,37.8619787,2425,SAN PABLO AVE,,BERKELEY,,,94702,056 192802300,1ab4efc62ecfd15c
-122.2723685,37.9033985,425,KENTUCKY AV,,BERKELEY,,,94707,62-2945-38,1215b7ae2d184403
-122.2521916,37.8660888,2737,DWIGHT WY,A,BERKELEY,,,94704,55-1867-6,e1e8bb51cd9d9403
-122.2780126,37.8988726,1880,SAN ANTONIO AVE,,BERKELEY,,,94707,062 292201400,21bcc89ef885e539
-122.2556334,37.8929464,1052,OVERLOOK RD,,BERKELEY,,,94708,063 314009101,0b29db6dd1c4a1ce
-122.2572992,37.8683123,2539,DURANT AVE,,BERKELEY,,,94704,055 187700500,5497bef079af0b6c
-122.272045,37.8886012,1103,SUTTER ST,,BERKELEY,,,94707,061 256401700,6835ecf41e3dee89
-122.2656042,37.8620925,2124,PARKER ST,306,BERKELEY,,,94704,55-1825-24-1,952cd3e622d25ae8
-122.2858065,37.8630081,2409,BONAR ST,,BERKELEY,,,94702,056 192003400,3c9b3e807c6a5b88
-122.2546299,37.8642511,2537,BENVENUE AV,301,BERKELEY,,,94704,55-1846-25,0d26f58fdedae135
-122.2650917,37.8982849,735,HILLDALE AV,,BERKELEY,,,94708,63-2963-70,667807faa90372fc
-122.2766392,37.8876856,1100,THE ALAMEDA,,BERKELEY,,,94707,61-2605-4,8840b9cace4aa70c
-122.2546908,37.8579965,2904,BENVENUE AV,,BERKELEY,,,94705,52-1569-33,aa81cd07a63c9b9e
-122.2819918,37.8671016,2202,SACRAMENTO ST,,BERKELEY,,,94702,056 199801200,b303c1461b5f39bc
-122.2894544,37.8741504,1217,VIRGINIA ST,,BERKELEY,,,94702,59-2291-34,d6c7e95148aa2f8d
-122.2680478,37.8742373,2119,HEARST AV,10,BERKELEY,,,94709,57-2049-9,2cce6d375e6d9d08
-122.2941865,37.8615128,2413,SEVENTH ST,,BERKELEY,,,94710,56-1939-34-2,2e40b98ac32839c2
-122.2958426,37.8719129,1726,NINTH ST,,BERKELEY,,,94710,058 212302700,077ed55fc48e8e2d
-122.2637937,37.8754328,1849,ARCH ST,COM,BERKELEY,,,94709,058 218901400,e3efccbdf5c311be
-122.2852427,37.8561219,2752,MABEL ST,,BERKELEY,,,94702,054 174208300,095260ac5fbd48c1
-122.2786222,37.8676754,2206,JEFFERSON AV,,BERKELEY,,,94703,56-2007-8-1,6044114467c2255e
-122.2852373,37.8823377,1304,ACTON ST,,BERKELEY,,,94706,60-2427-2,1348ba5550d76fec
-122.2741747,37.8870495,1936,NAPA AVE,,BERKELEY,,,94707,061 256902600,632417d373a05777
-122.2683902,37.899171,670,CRAGMONT AVE,,BERKELEY,,,94708,063 295203100,67d084ac7435f5c3
-122.2680896,37.8719218,48,SHATTUCK SQ,154,BERKELEY,,,94704,57-2033-1-1,26ffd143dd002516
-122.2796433,37.8488291,1401,HARMON ST,,BERKELEY,,,94702,052 153701300,f2587b0c5167c4d7
-122.2780886,37.8739024,1740,MCGEE AVE,,BERKELEY,,,94703,058 215800600,4f9f66f4dece15d9
-122.2543185,37.8610418,2717,BENVENUE AV,,BERKELEY,,,94705,54-1709-25,80f5063ced189149
-122.2665159,37.8581821,2813,SHATTUCK AV,1,BERKELEY,,,94705,53-1685-23,080b6267fa3cf656
-122.2877265,37.8621857,2413,CURTIS ST,,BERKELEY,,,94702,56-1930-28,47b31dde2ae29417
-122.2603391,37.8548143,2330,WEBSTER ST,,BERKELEY,,,94705,52-1576-27-1,9d128e4c7d112499
-122.2588093,37.8817258,2660,BUENA VISTA WAY,,BERKELEY,,,94708,058 224500300,98e25c23fdade840
-122.2692585,37.8669528,2020,BANCROFT WY,223,BERKELEY,,,94704,55-1894-14-1,7a590b7065fdc035
-122.2629382,37.8886486,1137,HIGH CT,B,BERKELEY,,,94708,61-2551-11-1,1f6cc696f501e608
-122.2643698,37.8753061,1850,ARCH ST,7,BERKELEY,,,94709,58-2182-18-1,797de1b3e6e12499
-122.2720009,37.9024228,463,KENTUCKY AVE,,BERKELEY,,,94707,062 294503000,19a46f27b5bc9fed
-122.266123,37.8749306,1817,OXFORD ST,15,BERKELEY,,,94709,58-2181-22,4c0828190c88f0bd
-122.2789751,37.8618368,1543,BLAKE ST,,BERKELEY,,,94703,54-1797-8,75418938466768b9
-122.2936041,37.8618561,2408,EIGHTH ST,,BERKELEY,,,94710,56-1939-7,10f22f98f843de53
-122.2565802,37.8858222,83,NORTH GATE AV,2,BERKELEY,,,94708,60-2469-80,4a03deda3e6fe8e7
-122.2974048,37.8609623,2407,FOURTH ST,,BERKELEY,,,94710,56-1944-25-4,b8087a8dcde501ea
-122.2724902,37.8727527,1911,BERKELEY WY,A,BERKELEY,,,94704,57-2058-9,7044b4cfe4baca99
-122.2503246,37.8667268,2433,WARRING ST,A,BERKELEY,,,94704,55-1865-15,0dc3e1721952302f
-122.2888059,37.8643141,2312,CURTIS ST,,BERKELEY,,,94702,56-1926-4,580361178b5cbbcf
-122.2957477,37.8814219,1225,SAN PABLO AV,,BERKELEY,,,94706,60-2405-26,f00e6e382dc1582c
-122.261315,37.893727,982,MILLER AVE,,BERKELEY,,,94708,063 297700500,46adcfff815bdbc0
-122.2737844,37.8860898,1928,HOPKINS ST,,BERKELEY,,,94707,061 256802000,028baf4eadf35c7a
-122.26883,37.8877965,1127,WALNUT ST,,BERKELEY,,,94707,61-2558-44,0cbaaa9645200d96
-122.2742238,37.873807,1828,DELAWARE ST,1,BERKELEY,,,94703,57-2064-42,ca3ce1418b7c16fd
-122.2771733,37.8953962,752,CONTRA COSTA AVE,,BERKELEY,,,94707,061 257500400,983b9b45ce6ec5c0
-122.2616836,37.8782676,2456,HILGARD AV,402,BERKELEY,,,94709,58-2194-22,6c513d088048f199
-122.2554752,37.8601455,2743,HILLEGASS AV,4,BERKELEY,,,94705,54-1710-17,569f1a0ceae47699
-122.2786624,37.863605,2417,CALIFORNIA ST,,BERKELEY,,,94703,55-1911-25,0417afa32f262cb5
-122.2798803,37.8634958,2417,SPAULDING AVE,,BERKELEY,,,94703,055 191306400,7f20f3d6586b24f7
-122.2684875,37.8801435,2118,VINE ST,B,BERKELEY,,,94709,59-2260-2-1,0c07d0c6e7b2846e
-122.2673408,37.8798679,1510,OXFORD ST,B,BERKELEY,,,94709,59-2259-5,717efd50e6500c40
-122.2836773,37.8921294,1660,CAPISTRANO AVE,,BERKELEY,,,94707,062 287204000,2edbd97ba009e236
-122.2584209,37.8850986,2683,SHASTA RD,2,BERKELEY,,,94708,60-2473-10,f4fbf58dd058f201
-122.2916199,37.8775616,1450,CURTIS ST,,BERKELEY,,,94702,060 239203400,ccd9f4a13e096d31
-122.2738379,37.8647663,1814,CHANNING WAY,,BERKELEY,,,94703,055 190300200,ce8d00f9aee27048
-122.2664272,37.8698465,2161,ALLSTON WY,215,BERKELEY,,,94704,57-2031-3,6a5db30c70d14c36
-122.2649052,37.8667519,2218,DURANT AV,6,BERKELEY,,,94704,55-1887-19,07e15fca39697039
-122.2579326,37.8590518,2431,OREGON ST,6,BERKELEY,,,94705,53-1692-19,584b3ce80eef32f5
-122.2754586,37.8705245,2016,GRANT ST,,BERKELEY,,,94703,56-2011-4,fbf42729e8a675fa
-122.2668044,37.8951151,10,ROCK LN,A,BERKELEY,,,94708,63-2961-44,289f3ecfbfe71e32
-122.2705748,37.8638197,1931,DWIGHT WY,16,BERKELEY,,,94704,55-1898-7,570bc67c71d75449
-122.2836836,37.8674919,2185,ACTON ST,,BERKELEY,,,94702,56-1997-41,c1560460afb926d9
-122.2848251,37.8519296,1235,CARRISON ST,1,BERKELEY,,,94702,53-1627-13,089017b8ac03b26a
-122.2703641,37.8925686,835,OXFORD ST,,BERKELEY,,,94707,061 258301600,467680fefb7fe877
-122.2595812,37.8754284,2511,HEARST AV,305,BERKELEY,,,94709,58-2200-7,666f159195f36534
-122.2633393,37.8808443,2350,VINE ST,,BERKELEY,,,94708,059 225103100,269dbb15cf5f5b5b
-122.2980666,37.8821551,1025,HARRISON ST,,BERKELEY,,,94710,60-2389-7-1,9b6e5e94ec237d60
-122.2595744,37.8680237,2437,DURANT AV,205,BERKELEY,,,94704,55-1878-4,5669f69891f7b9a8
-122.2688533,37.8794553,1519,SHATTUCK AV,A,BERKELEY,,,94709,59-2260-20-3,8851561e228eec48
-122.2823194,37.8551312,2814,ACTON ST,,BERKELEY,,,94702,53-1667-6,739f358ab51dca3a
-122.2685155,37.8584572,2021,STUART ST,,BERKELEY,,,94703,54-1722-14-3,de4964f302e5756f
-122.2818571,37.8625151,2437,EDWARDS ST,,BERKELEY,,,94702,056 191905900,571e97f3a1ad6136
-122.2797958,37.8513534,3053,DOHR ST,,BERKELEY,,,94702,053 161501800,ec09427f20793237
-122.2695454,37.8776743,2039,LINCOLN ST,A,BERKELEY,,,94709,58-2173-7-1,ec9c15433300f56b
-122.2909846,37.8679804,1110,ADDISON ST,,BERKELEY,,,94702,56-1982-3,fd58dc2ecaa8e0e1
-122.2518731,37.8650264,2522,PIEDMONT AV,1,BERKELEY,,,94704,55-1850-5,5ab315806ac3344c
-122.2551695,37.8543233,3034,HILLEGASS AV,,BERKELEY,,,94705,52-1560-15,a5c341f62e5f5fa5
-122.2771302,37.8501238,1527,FAIRVIEW ST,B,BERKELEY,,,94703,52-1544-10,30404b40bd0e8229
-122.2719704,37.9007789,466,MICHIGAN AVE,,BERKELEY,,,94707,062 293901000,54d0bf0a618d408f
-122.2814353,37.8880038,967,TULARE AVE,,BERKELEY,,,94707,061 261803000,bf193c3d7863a822
-122.2921776,37.8517301,795,POTTER ST,,BERKELEY,,,94710,53-1644-9,8c1fc9b125ad6f2e
-122.2705134,37.8739164,2009,HEARST AV,A,BERKELEY,,,94709,57-2050-46,d27f1d22c23b3089
-122.2579852,37.8930409,1060,GRIZZLY PEAK BL,,BERKELEY,,,94708,63-2979-7,4e8a15f31e4ee733
-122.2970318,37.875636,986,JONES ST,,BERKELEY,,,94710,59-2312-5,69a60ba8a65fb5c7
-122.2853654,37.8937646,747,PERALTA AV,,BERKELEY,,,94707,62-2876-16,ebb13b15c10ade90
-122.2663523,37.8907879,990,SANTA BARBARA RD,,BERKELEY,,,94707,63-2974-7,0fed2c14da29ebb3
-122.2521832,37.854652,2712,PRINCE ST,,BERKELEY,,,94705,52-1563-37,91558d3d0b8ae913
-122.2686699,37.8704095,2140,SHATTUCK AV,1004,BERKELEY,,,94704,57-2023-4,7dc71e8d335eabb6
-122.2646357,37.8535267,2135,PRINCE ST,,BERKELEY,,,94705,052 158500400,2699cc85c03e07b5
-122.2545405,37.856073,2609,WEBSTER ST,B,BERKELEY,,,94705,52-1573-21,5474703dbe563db7
-122.2844968,37.8693251,1359,ADDISON ST,,BERKELEY,,,94702,56-1995-5,4196c77ecf5be9b1
-122.2454612,37.8698115,0,PANORAMIC PL,,BERKELEY,,,94704,055 185902200,2a6d073da458adc3
-122.2689105,37.8532562,1908,ESSEX ST,,BERKELEY,,,94703,053 170300200,863424b9a5ffe4dd
-122.2663626,37.8786497,2210,CEDAR ST,,BERKELEY,,,94709,58-2183-1,f5eefb0ef6718dcb
-122.2732802,37.8758655,1902,VIRGINIA ST,3,BERKELEY,,,94709,58-2170-20,8a1a550781a4474e
-122.2519487,37.8609635,2737,GARBER ST,5,BERKELEY,,,94705,54-1707-7,a2a74962bbb8d445
-122.2994857,37.8719398,1702,SIXTH ST,,BERKELEY,,,94710,58-2118-22-2,bbcb99f7cff50c90
-122.2720516,37.85078,1817,FAIRVIEW ST,,BERKELEY,,,94703,052 154801300,bf2093f143ae40c6
-122.3013129,37.8763907,809,PAGE ST,,BERKELEY,,,94710,059 233701400,a6defba579a5610a
-122.280221,37.8535214,1425,ASHBY AVE,,BERKELEY,,,94702,053 161901100,b94195d750418eff
-122.3017875,37.8678912,642,HEARST AVE,,BERKELEY,,,94710,057 210400203,2253fe0c258bd6d0
-122.2630598,37.8633434,2240,BLAKE ST,302,BERKELEY,,,94704,55-1829-27-1,5dbedd969e0c3f85
-122.2736972,37.8729809,1836,HEARST AV,G,BERKELEY,,,94703,57-2063-32,6d7652286f2bfed6
-122.2541245,37.8640795,2540,COLLEGE AV,202,BERKELEY,,,94704,55-1846-15-1,cb99730c2f984e7b
-122.2592153,37.8621171,2628,TELEGRAPH AVE,203,BERKELEY,,,94704,055 183502100,2eeec25be1362ee5
-122.277512,37.8633834,2435,JEFFERSON AV,G,BERKELEY,,,94703,55-1910-27,3f8e53574493597d
-122.295123,37.8701463,1896,NINTH ST,,BERKELEY,,,94710,57-2091-12,401e4039681edf22
-122.2587694,37.8653092,2449,DWIGHT WY,22,BERKELEY,,,94704,55-1881-4,9f90d146d07d9c6d
-122.2707144,37.8788877,1530,HENRY ST,6,BERKELEY,,,94709,59-2264-14-1,c3bd1fe5476f310b
-122.2709793,37.8780332,2004,CEDAR ST,,BERKELEY,,,94709,058 217302000,b1a6971772bd4648
-122.2446301,37.8544025,85,PARKSIDE DR,,BERKELEY,,,94705,64-4246-3,9de30db16071e885
-122.2962254,37.8731342,965,VIRGINIA ST,,BERKELEY,,,94710,58-2124-18,f0cf673ae5405f41
-122.2864172,37.8720522,1300,DELAWARE ST,33,BERKELEY,,,94702,57-2079-1-1,7efab2d85a868f89
-122.302402,37.8813287,1150,SIXTH ST,,BERKELEY,,,94710,060 238500907,17c44aebc0ee03d3
-122.2847557,37.863703,2383,WEST ST,,BERKELEY,,,94702,56-1923-20,e9e429f88721887a
-122.2776095,37.8757087,1709,VIRGINIA ST,,BERKELEY,,,94703,058 216101000,ab7353011a7d4dfd
-122.2732104,37.9039273,300,VERMONT AV,,BERKELEY,,,94707,62-2949-38,87072e8ce9639832
-122.2842474,37.8627692,2424,VALLEY ST,,BERKELEY,,,94702,056 192100800,1f733284f4cf596e
-122.2725667,37.8549232,2930,HARPER ST,,BERKELEY,,,94703,53-1603-14,558d71f7ad734ddc
-122.2718769,37.8583459,2738,M L KING JR WAY,,BERKELEY,,,94703,054 172600400,f356210f63b9abf3
-122.2905572,37.8677848,2110,BYRON ST,,BERKELEY,,,94702,56-1982-9,738ee34b326e08ef
-122.2888393,37.8800728,1321,NORTHSIDE AV,,BERKELEY,,,94702,60-2417-70-1,47b1148481d465d5
-122.2736957,37.8753452,1714,M L KING JR WAY,,BERKELEY,,,94709,058 216700500,c0c0027369ced257
-122.2809367,37.877113,1541,CEDAR ST,,BERKELEY,,,94703,059 228403400,000772098db50b4c
-122.2766104,37.8658849,2315,MCGEE AV,B,BERKELEY,,,94703,55-1908-31,8cc86c97d962d78d
-122.2562361,37.8889905,1170,KEELER AV,,BERKELEY,,,94708,63-2985-27,ede136b15e4fa739
-122.2733719,37.851403,1711,WOOLSEY ST,,BERKELEY,,,94703,52-1546-12,0797411c2002f455
-122.2774866,37.8553828,1547,RUSSELL ST,B,BERKELEY,,,94703,53-1672-2-1,df29a097b1e2545e
-122.2795431,37.8576473,1508,WARD ST,,BERKELEY,,,94703,054 173302301,b8257cc818e7b192
-122.2590181,37.8547245,2419,DOWLING PL,,BERKELEY,,,94705,052 157400600,cec68858cf5aed7b
-122.2867895,37.8647475,2308,BONAR ST,,BERKELEY,,,94702,56-1924-8,5396c638e063b725
-122.2531368,37.8653181,2510,ETNA ST,,BERKELEY,,,94704,55-1847-4,2772cbe5aa7a100f
-122.2834129,37.8775309,1537,KEONCREST DR,,BERKELEY,,,94702,59-2286-140,f364e433cd1093e8
-122.2532894,37.8636954,2601,COLLEGE AV,309,BERKELEY,,,94704,55-1848-64,fa1c0c533d1ccaa5
-122.2683676,37.8741951,1849,SHATTUCK AVE,307,BERKELEY,,,94709,057 204903200,d648986965be3040
-122.2661476,37.864396,2145,DWIGHT WY,,BERKELEY,,,94704,55-1890-8,212efdac7922da83
-122.2600415,37.8888356,1133,KEITH AV,,BERKELEY,,,94708,63-2986-60,30172e21384d9899
-122.280661,37.8840423,1218,CARLOTTA AVE,,BERKELEY,,,94707,060 243500900,15fab305c976e38e
-122.2827846,37.8686591,1420,ADDISON ST,105,BERKELEY,,,94702,56-1997-18-1,baaa0263ab822f9c
-122.2757842,37.8881798,1912,MONTEREY AV,,BERKELEY,,,94707,61-2573-18,fd90d0176964c791
-122.2738515,37.8729622,1834,HEARST AVE,1,BERKELEY,,,94703,057 206303300,4baef1644d2d24f1
-122.2729753,37.8548772,2925,ELLIS ST,2,BERKELEY,,,94703,53-1603-25-1,221b805ca072b727
-122.2752666,37.8596078,1711,DERBY ST,A,BERKELEY,,,94703,54-1810-16,e71baf61bdaaf496
-122.2874054,37.8730678,1272,FRANCISCO ST,,BERKELEY,,,94702,058 213500500,eb6eb25e591b25ab
-122.3006057,37.8704363,723,DELAWARE ST,,BERKELEY,,,94710,57-2115-8,7491b5a7f9b042c8
-122.2638114,37.8902443,1065,KEITH AVE,,BERKELEY,,,94708,063 297403000,38fa443ef05df80f
-122.2572724,37.864711,2515,REGENT ST,,BERKELEY,,,94704,055 184202800,e33341247956e97e
-122.2601567,37.8767929,2510,LE CONTE AV,104,BERKELEY,,,94709,58-2199-14,d913f769c9452a18
-122.2550487,37.8610073,2714,BENVENUE AV,,BERKELEY,,,94705,54-1710-34,1333e3d3fd2b672a
-122.2809261,37.8779695,1506,CALIFORNIA ST,,BERKELEY,,,94703,059 228402500,fc6a7d99a2272048
-122.2653162,37.8850783,2248,SUMMER ST,,BERKELEY,,,94709,060 246402700,4e9a5a132223e2f3
-122.2956597,37.8641973,2226,SEVENTH ST,,BERKELEY,,,94710,056 196401102,4d59f6e2fd1d2a9e
-122.2463901,37.8535735,42,THE UPLANDS,,BERKELEY,,,94705,064 425000500,60c9af8e12748fcb
-122.2612817,37.8661926,2406,DANA ST,B,BERKELEY,,,94704,055 188303100,ab241e48d8165795
-122.2648635,37.8640164,2204,DWIGHT WAY,,BERKELEY,,,94704,055 183001600,1c89cc90767d46f6
-122.2737466,37.8509905,3131,KING ST,,BERKELEY,,,94703,52-1547-1-1,d0e7f8dbbde517e3
-122.2772951,37.8501023,1521,FAIRVIEW ST,B,BERKELEY,,,94703,52-1544-11,17b883af9c6c3f58
-122.2642544,37.8756463,1822,ARCH ST,,BERKELEY,,,94709,58-2182-56,7dd09c75de1f280b
-122.291539,37.8805263,1320,EVELYN AVE,,BERKELEY,,,94702,060 240000900,8e0e7e55cc98a707
-122.2890041,37.8605361,2527,SAN PABLO AV,,BERKELEY,,,94702,54-1781-15-1,959361a5e125b41e
-122.2822251,37.8541968,1338,RUSSELL ST,,BERKELEY,,,94702,53-1621-7,f36218f3873f9385
-122.2981638,37.8668625,801,ADDISON ST,,BERKELEY,,,94710,56-1961-16-1,b61f39e15bbcb58c
-122.2553972,37.8537721,2511,WOOLSEY ST,,BERKELEY,,,94705,52-1560-20,81b740f8b0aab05e
-122.2838379,37.8714488,1410,HEARST AVE,,BERKELEY,,,94702,057 207502200,8f0affed50b114f4
-122.2659237,37.8551242,2110,ASHBY AVE,,BERKELEY,,,94705,053 158702001,caa55d10505e22a6
-122.2730554,37.859845,1811,DERBY ST,,BERKELEY,,,94703,054 181100800,516e5923015bc9ce
-122.302607,37.8663449,1,BOLIVAR DR,,BERKELEY,,,94710,60-2521-2-1,c397c6a1a6e0243e
-122.2546754,37.8653302,2638,DWIGHT WY,,BERKELEY,,,94704,55-1846-2,3ace43d2be34c32c
-122.2765187,37.8691773,2124,ROOSEVELT AVE,,BERKELEY,,,94703,056 201001100,f4dd2e894d064db4
-122.2610913,37.894563,977,KEELER AV,,BERKELEY,,,94708,63-2969-44-5,d9f74152c5a54c09
-122.2931896,37.8758908,1121,HOPKINS ST,,BERKELEY,,,94702,60-2394-25,982a0186c3f177a5
-122.2675346,37.9015174,571,EUCLID AVE,,BERKELEY,,,94708,063 295505905,9c06c09e2ca1a24b
-122.254002,37.8628955,2618,COLLEGE AV,4,BERKELEY,,,94704,55-1845-10,add65896e99d0d23
-122.2739947,37.8562369,1707,RUSSELL ST,,BERKELEY,,,94703,53-1676-1-2,a073b245efafea6e
-122.2679971,37.8815222,1421,WALNUT ST,3,BERKELEY,,,94709,59-2258-26,a921636bf7461930
-122.2810495,37.8910023,1758,SOLANO AV,,BERKELEY,,,94707,61-2613-1-1,7afc258a029385f5
-122.275212,37.8668467,1739,BANCROFT WY,B,BERKELEY,,,94703,57-2013-18,09d8762f4613ef80
-122.2950465,37.8680233,2011,EIGHTH ST,B,BERKELEY,,,94710,56-1972-19,12dc2c0735f44775
-122.2933931,37.8492529,742,FOLGER AVE,,BERKELEY,,,94710,052 151400402,24bd4134af37b4f7
-122.2736793,37.8806717,1423,MARTIN LUTHER KING JR WY,B5,BERKELEY,,,94709,59-2269-28,8cfb7a4527ec1ca1
-122.2530773,37.8687514,2731,DURANT AV,,BERKELEY,,,94704,55-1870-16-1,dba382bfe37ef232
-122.2977906,37.8765251,1439,EIGHTH ST,B,BERKELEY,,,94710,59-2329-21,ee5892a2693826f9
-122.2995119,37.8748474,1513,SIXTH ST,,BERKELEY,,,94710,059 231401900,59d1682f8b17c727
-122.2795932,37.8822002,1311,CARLOTTA AVE,,BERKELEY,,,94703,060 244505000,a503e9a5b2b6d4e2
-122.2476448,37.8619481,2929,FOREST AVE,,BERKELEY,,,94705,054 170200500,dab4573a6c116ba2
-122.2876021,37.8720527,1272,DELAWARE ST,,BERKELEY,,,94702,057 208000406,a44e147acb9cb961
-122.2632741,37.8757821,2363,LE CONTE AV,,BERKELEY,,,94709,58-2189-3,ba2aeb52b663a711
-122.255257,37.8793952,0,HILGARD AVE,,BERKELEY,,,94709,058 221200104,a04294537523b037
-122.2739843,37.9035301,351,VERMONT AVE,,BERKELEY,,,94707,062 294903200,d4853f486c8bb348
-122.2852723,37.851844,1225,CARRISON ST,,BERKELEY,,,94702,53-1627-17,fa9c3802c7fc9a88
-122.2847424,37.8596598,1304,PARKER ST,,BERKELEY,,,94702,54-1791-22,67a672313143275e
-122.2833582,37.8669272,1408,ALLSTON WY,B,BERKELEY,,,94702,56-1998-2-2,7938bc754d53976f
-122.2612204,37.8644917,2338,DWIGHT WY,,BERKELEY,,,94704,55-1831-29,abb3d37e57897146
-122.2746204,37.8830014,1300,MARTIN LUTHER KING JR WY,4,BERKELEY,,,94709,60-2447-4,e8ea067d83548561
-122.273567,37.8740156,1846,DELAWARE ST,1,BERKELEY,,,94703,057 206403300,12e529d1241ba548
-122.2607136,37.8632048,2550,DANA ST,4B,BERKELEY,,,94704,055 183208800,f9f33ca633a6d3c4
-122.2593301,37.8629066,2420,PARKER ST,,BERKELEY,,,94704,55-1836-6-2,64a00ff515c3a8b4
-122.2917938,37.8631785,2330,TENTH ST,A,BERKELEY,,,94710,56-1934-34,ba3fdfd6ae59a429
-122.263863,37.8665194,2239,CHANNING WY,205,BERKELEY,,,94704,55-1887-4,9d7bfc67fe1a2406
-122.2580269,37.8931725,0,GRIZZLY PEAK BLVD,,BERKELEY,,,94708,063 297900600,757285a00552a8df
-122.2506998,37.8647393,2528,WARRING ST,,BERKELEY,,,94704,055 185100900,4b89c6cb5590d7c3
-122.2707358,37.8863088,1156,AMADOR AVE,,BERKELEY,,,94707,061 256201200,7884176bb35e7412
-122.2759185,37.8949998,1982,YOSEMITE RD,,BERKELEY,,,94707,61-2576-11,e258748a04f74c88
-122.2614127,37.8983766,831,CRESTON RD,,BERKELEY,,,94708,63-3120-40,2c83a571f6f5ed59
-122.2648652,37.8640142,2204,DWIGHT WY,B,BERKELEY,,,94704,55-1830-16,06aaf500c1746110
-122.2657416,37.8817996,1417,SPRUCE ST,B,BERKELEY,,,94709,59-2254-43,de5fa6e6baff2862
-122.2998127,37.8691965,733,HEARST AVE,,BERKELEY,,,94710,057 209902000,8e039eeedaaed0ee
-122.2926934,37.8680626,2021,TENTH ST,,BERKELEY,,,94710,056 197801700,bd97ce3625f9377c
-122.2818572,37.8855953,1546,BEVERLY PL,,BERKELEY,,,94706,061 262000600,a7364a9473100c32
-122.2595539,37.8763985,2523,RIDGE RD,101B,BERKELEY,,,94709,58-2199-8,db8f49117e71ae30
-122.2548433,37.8570857,2615,ASHBY AV,5,BERKELEY,,,94705,52-1569-15,c20f36a10bb0572b
